text,label,source,topic
hi dear noted all your detailssinemet 25/100 contains levodopa which is responsibe for hypotensionhypotension is a side effect of dopamine substitutesrest hydrocortisone and thyroxine elevates the blood pressureyour problem of hypotension is because of sinemet tablet dearthanks have a safe recovery,0,HC3,medicine
"The FBI or other national police services arrested the hackers chiefly responsible for the major hacks that put them on the map . What remains is amateurs , people who have learned not to publicize hacks , and hackers who hack sites for money and not ideology .",0,HC3,reddit_eli5
bronies are real . its basically the same concept of watching powerpuff girls . alright / good stories in their opinion so they watch it .,0,HC3,reddit_eli5
"FireWire is a type of interface that is used to connect devices such as computers, digital cameras, and audio and video equipment. It is a high-speed, bidirectional serial bus that can transfer data at speeds of up to 400 megabits per second (Mbps) or 800 Mbps. FireWire is also known as IEEE 1394, and it was developed by Apple in the mid-1990s as a faster and more flexible alternative to the Universal Serial Bus (USB) interface.\n\nFireWire is often used to connect devices that require high-speed data transfer, such as hard drives, digital video cameras, and audio interfaces. It is also commonly used for video editing, as it can transfer large amounts of data quickly and reliably.\n\nOne of the main advantages of FireWire is that it allows devices to communicate directly with each other, rather than going through a central computer. This makes it possible for devices to transfer data without being limited by the speed of the computer's CPU or other resources.\n\nFireWire is not as common as it used to be, as it has been largely replaced by newer technologies such as USB 3.0 and Thunderbolt. However, it is still supported by many devices and is a useful interface for certain applications.",1,HC3,open_qa
"There have been 46 presidents of the United States, not including President-elect Joe Biden, who will be inaugurated on January 20, 2021. The first president was George Washington, who was inaugurated on April 30, 1789, and the most recent president is Donald Trump, who served from January 20, 2017, to January 20, 2021. The next president will be inaugurated on January 20, 2021.",1,HC3,open_qa
"Postmodernism is a philosophical and cultural movement that emerged in the mid-20th century. It is a complex and multifaceted concept, but at its core, it is a reaction against the modernist movement that preceded it.

Modernism, which emerged in the late 19th and early 20th centuries, was characterized by a belief in progress, reason, and the power of human beings to shape their own destiny through science and technology. Modernists believed that there was a single, objective truth that could be discovered through reason and evidence.

Postmodernism, on the other hand, challenges these ideas. It suggests that there is no single, objective truth, and that all knowledge is shaped by the cultural, social, and historical context in which it is produced. Instead of seeing the world as a collection of objective facts that can be studied and understood, postmodernists view it as a series of subjective interpretations and perspectives.

Postmodernism also emphasizes the idea that power is not evenly distributed in society, and that the dominant narrative or ideology is often used to oppress and control marginalized groups. It encourages people to be more critical of the stories and narratives that are presented to them, and to question the assumptions and biases that may be underlying them.

So, to explain postmodernism to a five-year-old, you could say that it's a way of thinking that helps us understand that there are many different ways to see the world, and that we should be open to hearing and considering all of them, rather than just believing one ""right"" way.",1,HC3,reddit_eli5
"I worked as a pharmacy technician for 8 years . The majority of the work is done by a technician or an assistant . We enter in the prescription , print out the labels , count the pills from the bottles , prepare the bill and other print outs about the medication and give it to the pharmacist to double check . The pharmacist then looks at the medication history of the patient . If it is the first time taking the meds , it 's their job to explain how to take it ( with / without meals ) , side effects , etc . They also check if the medication can be taken while you are taking other mediation . The pharmacists are the experts on the chemistry of your body / the medication .",0,HC3,reddit_eli5
"Sure! VoIP stands for ""Voice over Internet Protocol."" It's a way to make phone calls over the internet instead of using a traditional phone line.SIP and H.323 are two different protocols that are used to manage VoIP calls. They are like different sets of rules that allow different devices and systems to communicate with each other and make VoIP calls.Here's an example to help you understand: Imagine you want to play a game of tag with your friends. You all agree on a set of rules beforehand, like ""no pushing or tripping allowed"" and ""you have to count to 10 before chasing someone."" These rules help everyone understand how to play the game and make it fair for everyone.SIP and H.323 are like the rules for making VoIP calls. They help different devices and systems understand how to communicate with each other and make the calls go smoothly.I hope that helps! Do you have any other questions about SIP or H.323?",1,HC3,reddit_eli5
"Severe lower back pain can be a sign of a serious underlying condition, so it is important to seek medical attention if the pain is severe or if it persists despite at-home treatment. If the pain is not severe and your husband is otherwise healthy, he may be able to find relief with the following at-home treatments:

Rest: It is important to avoid activities that cause or worsen the pain.

Heat and ice: Applying a heating pad or hot water bottle to the affected area can help relax muscles and reduce pain. Alternatively, applying an ice pack can help reduce swelling and numb the area, which can provide relief.

Over-the-counter pain medication: Nonsteroidal anti-inflammatory drugs (NSAIDs) such as ibuprofen or naproxen can help reduce inflammation and relieve pain.

Stretching and gentle exercises: Gentle stretches and exercises can help improve flexibility and strengthen the muscles in the back, which can help alleviate pain.

Good posture: Maintaining good posture while standing, sitting, and sleeping can help reduce strain on the lower back.

If the pain persists or is severe, it is important to see a doctor for a proper diagnosis and treatment plan. The doctor may recommend additional treatments such as physical therapy, prescription medication, or other interventions.",1,HC3,medicine
"In Holland it works like this : If you transact money from one account to the other at the same bank , it takes a couple of minutes . If you transact it to an account at another bank it takes 1 or 2 days , because of these reasons that I found online : - Banks only transact money at one time each day . They collect all small payments and add them together since each transaction costs money . For example ; if bank A has to pay 2 million to bank B , and bank B has to pay 1 million to bank A , it 's wiser to let Bank A just pay 1 million to bank B. - The payments are handled by a national transactioner and they take time to do this . How it 's done in the US , I do n't know . But the first option sounds the most plausible .",0,HC3,reddit_eli5
"Most US elections are for very unimportant things . Very rarely are Presidents voted on , and the less important the position up for election the fewer people show up . So if there is an election where the most important position is State or local office , very few people show up . Even when it is a Federal election , but the President is not being voted on , you lose the interest of roughly 15 - 25 % of the country . When these "" off - year "" elections are added to the average the US does much worse .",0,HC3,reddit_eli5
"There are a few reasons why companies might not choose to split their stock:Perceived value: Some companies and investors believe that a high stock price gives the company a sense of prestige and can make it seem more valuable.Liquidity: Companies with a high stock price may have more liquidity, as there are more shares available for trading and the larger price per share may make it easier to buy and sell larger quantities of the stock.Cost: There is a cost associated with issuing new shares, including the fees for legal and accounting services. For companies with a low stock price, the cost of issuing new shares may not be justified by the potential benefits of a stock split.Other considerations: There may be other factors that a company considers when deciding whether to split its stock, such as the impact on shareholder equity and the potential for confusion among investors.",1,HC3,finance
"In general, taxes are typically paid by individuals or businesses that earn income or profits. The specific tax laws of your country or jurisdiction will determine who is required to pay taxes and the types of income that are taxable. Some common examples of taxable income include wages, salaries, and other forms of compensation that are received as payment for work or services, as well as profits earned from the sale of goods or property. In some cases, taxes may also be levied on certain types of transactions or activities, such as the sale of goods and services, or the ownership of certain types of property. It is important to understand the tax laws that apply to you and to pay the required taxes in a timely manner to avoid penalties and interest charges.",1,HC3,finance
"What's the primary factor keeping a consumer from handing out fees as liberally as corporations or small businesses do? Power. Can an individual, or more appropriately, what keeps an individual from being able to charge, fine or penalize a Business? If it could be accomplished, but at a high cost, let's assume it's based on principal and not monetary gain. And have a legal entitlement to money back?  No.  You are of course welcome to send your doctor a letter stating that you would like $50 to make up for your two hour wait last time around, but there's no legal obligation for him to pay up, unless he signed a contract stating that he would do so. Corporations also cannot simply send you a fine or fee and expect you to pay it; you must have either agreed to pay it in the past, or now agree to pay it in exchange for something. In these cases, the corporations have the power: you have to agree to their rules to play ball.   However, consumers do have a significant power as well, in well-competed markets: the power to do business with someone else.  You don't like the restocking fee?  Buy from Amazon, which offers free shipping on returns.  You don't like paying a no-show fee from the doctor?  Find a doctor without one (or with a more forgiving fee), or with a low enough caseload that you don't have to make appointments early.  Your ability to fine them exists as your ability to not continue to patronize them. In some markets, though, consumers don't have a lot of power - for example, cable television (or other utilities). The FCC has a list of Customer Service Standards, which cable companies are required to meet, and many states have additional rules requiring penalties for missed or late appointments tougher than that.   And, in the case of the doctor, if your doctor is late - find one that is.  Or, try sending him a bill.  It does, apparently, work from time to time - particularly if the doctor wants to keep your business.",0,HC3,finance
"It's hard to say for sure why you haven't been caught for piracy. It's possible that you haven't been caught because you've been careful about how you've downloaded and shared pirated content. It's also possible that you haven't been caught because the people who own the rights to the content you've pirated haven't noticed or haven't done anything about it yet.

In general, it might be easier to get caught pirating movies or software than it is to get caught pirating songs. This is because movies and software are usually more expensive and the people who own the rights to them are often more aggressive about protecting their rights. However, it's still illegal to pirate any type of content and you could potentially get in trouble if you're caught. It's always a good idea to use legal and legitimate sources for the things you want to watch, listen to, or use.",1,HC3,reddit_eli5
"Inmates are people who are in prison, which is a place where people go if they have been convicted of a crime. School students are children who go to school to learn. Inmates get free lunch because they are not allowed to leave the prison to go buy their own food. They have to eat the food that is provided for them by the prison. School students do not get free lunch because they are not in prison and are able to go out and buy their own food or bring food from home.",1,HC3,reddit_eli5
football is * way * too demanding physically to be played multiple times a week . this in addition to if they did have a series and it was played out once a week the playoffs would last months .,0,HC3,reddit_eli5
"It is always a good idea to follow your doctor's recommendations and get any necessary medical tests or treatment. The liver function test (LFT) is a blood test that measures the levels of certain substances in your blood that are produced by your liver. These substances, called liver enzymes, can be found in higher-than-normal levels in your blood if your liver is not functioning properly.

Elevated bilirubin levels, as you have mentioned, can be a sign of liver damage or disease. However, it is important to note that elevated bilirubin levels can also be caused by other factors, such as certain medications or conditions that affect the breakdown of red blood cells.

It is important to follow up with your doctor to determine the cause of the elevated bilirubin levels and to discuss any necessary treatment or further testing. They may recommend additional tests, such as imaging studies or a liver biopsy, to help identify the cause of the elevated bilirubin levels and to determine the appropriate course of treatment.

It is also important to follow your doctor's recommendations for treatment of the microbactarial TB. This may include taking medication to kill the bacteria and prevent further spread of the infection. It is important to complete the full course of treatment to ensure that the infection is completely eliminated.",1,HC3,medicine
"if you dry them thoroughly before you put the battery back or connect them to power , they will most likely be fine , so long as they were not in the water long enough for contacts / connections to oxidize . We used to wash electronics ( circuit boards ) in an ultrasonic cleaner using mostly distilled water and a small amount of detergent all the time as a means to FIX things , in fact . With a pretty good success rate , i might add .",0,HC3,reddit_eli5
"Cognitive Dissonance is the mutant speed bump a car feels while driving in a low riding fire - flame - sticker car with bad shocks . The bumpy ride is reality telling you , "" dude , you do n't belong here ; "" Cognitive dissonance is when reality ( reality ) and your beliefs ( cognitions ) are at odds . People can react one of two ways : 1 ) Get off the bumpy road ( align beliefs closer to reality ) or 2 ) Stay on the road ( Explain away reality to confirm false beliefs ) . An example : A good example of cognitive dissonance be seen in the fictional yet delightful interchange between Ben Stiller and Christine Taylor in Dodgeball . White Goodman thinks he 's sexy and intelligent , but Kathy displays signs that she 's repulsed . However , he refuses to accept this as fact and continues despite the dissonance he faces ( oh you like those losers , ipso facto I am your boss , i just threw up a little in my mouth . ) Hope that helps . URL_0",0,HC3,reddit_eli5
"As an artificial intelligence, I do not engage in financial transactions or trade with real money. I am a language model designed to assist users by providing information and answering questions to the best of my ability based on the knowledge and information I have been trained on. I do not have the ability to perform actions such as trading or investing in financial markets. My purpose is to provide users with information and assistance, not to engage in financial activities.",1,HC3,finance
"This has been asked before , but it helps to know the right buzzwords for search , "" wind chill "" : URL_0",0,HC3,reddit_eli5
"Sure! When you use a computer, the hardware is the physical parts of the machine that you can see and touch. The software is the set of instructions that tell the hardware what to do.

Hardware and software work together to perform tasks on a computer. When you want to do something on a computer, like play a game or type a document, you use the software to give the hardware instructions. The hardware then follows those instructions to carry out the task.

Now, let's talk about ones and zeros. In a computer, information is stored as a series of ones and zeros, also known as binary code. Each one or zero is called a ""bit."" Bits are combined to form larger units of information, like letters, numbers, and images.

For example, when you type a letter on your keyboard, the computer's hardware converts the physical keystrokes into bits. The software then interprets those bits as the letter you typed and displays it on the screen.

So, to summarize, the hardware is the physical parts of the computer that do the work, and the software is the set of instructions that tell the hardware what to do. Ones and zeros are used to store and communicate information. Does that help?",1,HC3,reddit_eli5
"Quicksand is a [ non - newtonian fluid ] ( URL_0 ) . It means its viscosity ( how well it flows ) changes according to how much you press on it . Specifically , when you apply pressure , it becomes liquid . When you remove pressure , it becomes solid again . This means that with your foot 's pressure it becomes liquid , and once you get in , the pressure is gone and becomes solid above your foot . You ca n't apply upward pressure anymore , meaning that it 's hard to get it out . It 's basically a trap . You can get trapped , but you ca n't drown . This is because the density is much higher than water , and you already float on water . Even more so in quicksand : you will get stuck , floating like a cork , half cemented in . It 's as dangerous as getting your foot stuck somewhere in the wild . Of course , if you start panicking you can risk to get in a wrong position and drown anyway .",0,HC3,reddit_eli5
"If the plane were travelling slowly , you 'd feel the tipping . However , at speed , a plane tips its wings and banks around a wide turn . The normal side to side motion you 'd feel in a car instead feels like a force down into your seat .",0,HC3,reddit_eli5
"Have you ever tried to carve a "" U "" in stone with a chisel ? Not so flippant an answer as it might seem . Consider the earliest forms of writing and why they evolved as they did .",0,HC3,reddit_eli5
"I recently completed a first aid course and it was emphasized to us to cool down a burn for * 20 minutes * . This is much longer than anyone typically cools down a burn for , because in the case of minor burns you 'll start feeling relief much before then . The instructor assured us that the heat under the skin will continue to do damage in that 20 minutes if we were n't continually cooling the burn . And it kind of clicked for me when I equated it to , of all things , baking . I enjoy baking and there are some confections ( like chocolate chip cookies ) which I make sure to remove from the oven just /before/ they 're done . The logic is they will continue to retain heat , and finish baking outside the oven . So if you were to take them out when they 're "" done "" , by the time they have cooled they might be dry or crispy or generally overdone . A similar thing is happening with a burn . Your skin is continuing to "" cook "" until all the heat has dissipated . Please remember to run minor burns under lukewarm water for a full 20 minutes .",0,HC3,reddit_eli5
"watabit covered the stationary aspect , but I 'll explain why they sometimes appear to go backwards . Let 's say I set up a 12 hour clock with no am / pm indication , no natural light , and a time - lapse camera . If I set the camera to take a picture every 2 hours , I 'll see 12 am , 2 am , 4 am , 6 am , 8 am , 10 am , 12 pm , 2 pm , 4 pm , and so on . The clock appears to be moving forward normally . If I set a camera to take a picture every 9 hours , I 'll see 12 am , 9 am , 6 pm , 3 am , 12 pm , 9 pm , 6 am , 3 pm , 12 am , and so on . If I watch that , it 's not going to look like the clock is going forwards at 9 hours per picture , it 's going to look like the clock is going backwards at 3 hours per picture , because when I see 12 and then 9 , it looks like it moved back 3 rather than forwards 9 . This is why it 's not always constant . If you 're between 0 and 6 hours per frame , it looks normal . If you 're at 6 exactly , it 's going to look weird , because it will keep flickering back and forth . If you 're between 6 and 12 hours , it 's going to look like it 's going backwards . At 12 hours , it wo n't be moving at all . Between 12 and 18 hours , it will appear to be moving forward , but far too slowly compared to how you 'd expect it to be . At exactly 18 hours , you 're going to get weird flickering , then between 18 and 24 hours , you 're going to have it move backwards slowly again . So if you watch a video of a car accelerating , that 's why the wheels will appear to stop and change directions periodically , or move much slower than they should be moving .",0,HC3,reddit_eli5
"Fire wiggles because the heat from the fire causes the air around it to rise, which can cause the flame to move and appear to wiggle.

Imagine that you are holding a lit candle. The heat from the flame makes the air around it warmer, which means that it becomes less dense than the air around it. This causes the warmer, less dense air to rise, just like how a balloon filled with hot air will rise when you let it go.

As the warm air rises, it creates a draft that can cause the flame to move and wiggle. The flame may also wiggle if there are gusts of wind or if the candle is not completely stable.

I hope that helps to explain why fire wiggles!",1,HC3,reddit_eli5
"Fantasy football is a game in which participants act as the general manager of a virtual professional American football team. The game is played using real-life statistics of individual players or teams, and the objective is to score more points than other participants based on those statistics.\n\nIn fantasy football, each participant assembles a team of real players from the National Football League (NFL) or other professional American football league, and earns points based on the statistical performance of those players in actual games. The points are typically awarded for touchdowns, field goals, extra points, and other offensive and defensive achievements, as well as for yardage gained or allowed.\n\nParticipants in a fantasy football league usually draft their team before the start of the NFL season, and then compete against each other throughout the season to see whose team accumulates the most points. The winner is often determined by a playoff tournament at the end of the season. Fantasy football is a popular pastime among American football fans, and many people participate in leagues with friends, family members, or strangers online.",1,HC3,open_qa
"Hi, dearI have gone through your question. I can understand your concern. First of all you need to confirm diagnosis whether it is ITP or SLE. For that you should go for bone marrow examination and ANA profile.  It will give you exact diagnosis whether your son has ITP or SLE or both.  Then you should start treatment accordingly. Hope I have answered your question, if you have doubt then I will be happy to answer. Thanks for using health care magic. Wish you a very good health.",0,HC3,medicine
"Ahoy , matey ! Yer not alone in askin ' , and kind strangers have explained : 1 . [ Why do n't humans eat grass ? ] ( URL_2 ) ^(_9 comments _ ) 1 . [ ELI5 : Why can we eat greens but not grasses or leaves ? ] ( URL_0 ) ^(_14 comments _ ) 1 . [ When people starve , why do n’t they eat grass to stay alive ? ] ( URL_5 ) ^(_6 comments _ ) 1 . [ Why do n't people eat grass ? ] ( URL_3 ) ^(_4 comments _ ) 1 . [ ELI5 : Why do n't humans eat grass like we do other vegetables ? ] ( URL_1 ) ^(_5 comments _ ) 1 . [ Why do we eat lettuce , kale , etc but not leaves , grass , etc ? Are they inedible or is it just them not being perceived as food ? ] ( URL_4 ) ^(_12 comments _ )",0,HC3,reddit_eli5
"I like to always start with my credentials , or reason that I can answer this question . I have been in business for along time and am part of a global business leadership program plus studied business at the Univ . of Connecticut . I also worked as a manager in an outsourced contract center in Mexico . In cost accounting we attempt to break down the cost of a product . Take any product , say a lollipop . The are material costs ( the candy , the sticks , the wrapper ) . There are labor costs ( the guys who run the machines that make this , the guys who pack it etc ) . Then there is GSA ( general selling and administrative expenses ) . A business leader seeks to maximize gross profit margin , that is the amount of money applied to the operating income after the costs of goods is subtracted . When the business leader analyses the costs that go into making the lollipop they may find that the labor costs are contributing a disproportionately high percentage . The decision may be made at that point to lower labor costs by sending the labor to an outsourcing center , where the labor cost per unit will be considerably lower . The idea is to increase the gross profit margin . It does not always work but in a labor intensive operation it usually can if managed properly . It is really just a matter of mathematics when it comes to whether or not it is a good deal to do . Now for my personal opinion . In most cases I do not feel that outsourcing hurts America . In many ways the argument can be made that it helps America . The majority of jobs that are sent overseas are non - skilled . This does two things . It keeps consumer prices down , which is good for the economy overall and it forces the American people to seek new and better ways to earn a living . I do not want the next generation to depend on a vocation that can easily be done by unskilled laborers overseas . I would rather they learn a skilled labor vocation . Now people usually automatically react to outsourcing as stealing American jobs . I can say that at one time I was a partner business owner that manufactured a product where the contribution margin was razor thin . We wanted to keep the business in Houston , TX . It was absolutely necessary to keep labor costs low . We posted job positions for line workers and material handlers at the labor cost that would sustain the business and received no responses form "" typical Americans "" . Our only choice was to either move the manufacturing south of the border or not be in business at all . We did not go into business to fail , but to make profit for our stakeholders . We ended up hiring first generation immigrants who were willing to work for the lower wage . Remember that in the labor market workers only have one of two things to offer : a special skill or the willingness to do something that anyone can do for less money .",0,HC3,reddit_eli5
"I get that they are "" bottom feeders "" but to be fair if someone does n't repay their debts ( of at least the principle amount ) they ultimately stole that money . Thanks in advance for the downvotes ;)",0,HC3,reddit_eli5
"Schools have the right to keep a student after the normal school day for a variety of reasons. For example, a student might have to stay after school to make up a test or to finish an assignment. Schools can also require students to stay after school as a form of punishment for breaking school rules. Schools have the right to set rules and expectations for students to follow while they are at school, and they have the authority to enforce those rules if necessary. When a student breaks a rule, the school can choose to use detention or other forms of punishment to help the student learn from their mistake and make better choices in the future. In general, schools want students to be successful and to follow the rules so that they can create a safe and positive learning environment for all students.",1,HC3,reddit_eli5
"""Unexpected expenses"" is a term that refers to expenses that are not part of your regular budget or financial plan. These are expenses that may come up unexpectedly and are not planned for in advance. Examples of unexpected expenses could include emergency home or car repairs, medical bills, or unexpected travel expenses.In the context of a 401(k) plan, unexpected expenses might refer to the option to take a loan or hardship withdrawal from your 401(k) account to cover unexpected expenses. Many 401(k) plans allow you to borrow money from your account if you have an immediate and heavy financial need, such as to pay for unexpected medical bills or to prevent the foreclosure of your home. However, it's important to note that taking a loan or hardship withdrawal from your 401(k) can have significant financial consequences, as it may reduce the balance of your account and potentially impact your retirement savings. It's generally a good idea to try to save for unexpected expenses through an emergency fund or other savings account, rather than relying on a 401(k) loan or withdrawal.",1,HC3,finance
"No, implied volatility is a measure of the expected volatility of a security's price, but it is not a prediction of future events. It is based on the market's expectations of future price movements, which can be influenced by a wide range of factors, including current market conditions, perceived risks, and investor sentiment. However, implied volatility does not take into account any specific future events that may affect the security's price. Instead, it reflects the market's overall perception of the potential for price changes.",1,HC3,finance
"The Church of Scientology is a religious organization that was founded in the 1950s by a man named L. Ron Hubbard. It teaches that people are immortal spiritual beings who have forgotten their true nature and that Scientology can help them regain their spiritual awareness and power.

Many Redditors (and other people) have negative views of Scientology for a variety of reasons. Some of these include:

Belief that Scientology is a cult: Some people believe that Scientology uses manipulative and controlling tactics to recruit and retain members, and that it is more interested in making money than helping people.

Allegations of abuse: There have been numerous allegations of abuse, including physical and emotional abuse, within the Church of Scientology. Some people believe that the Church has a history of mistreating its members and covering up abuse.

Belief that Scientology is not a legitimate religion: Some people believe that Scientology is not a genuine religion, but rather a profit-seeking organization that uses religious language and practices to manipulate and exploit its members.

Controversial beliefs and practices: Some people find the beliefs and practices of Scientology to be strange or bizarre, and may view the Church with suspicion or disdain as a result.

It's important to note that not everyone who is critical of Scientology has the same specific reasons for their criticism, and that the Church of Scientology and its members may have a different perspective on these issues.",1,HC3,reddit_eli5
"There are several ways to transfer money from an online website to a UK bank account. One common method is to use an online payment processor, such as PayPal, Stripe, or WorldPay. These companies provide a platform for website owners to accept payments from customers, and they can transfer the money directly to a bank account.To use an online payment processor, you will need to sign up for an account with the company and then integrate their payment system into your website. Once this is set up, customers can make payments through your website using a variety of payment methods, including credit and debit cards, bank transfers, and digital wallets. The payment processor will then transfer the funds to your bank account, usually within a few days.Another option is to use a merchant account and payment gateway. A merchant account is a type of bank account that allows your business to accept credit and debit card payments, while a payment gateway is a software service that securely processes these payments. To use a merchant account and payment gateway, you will need to set up an account with a merchant account provider and integrate their payment system into your website.Regardless of which method you choose, it is important to carefully research and compare the fees, security measures, and other terms and conditions of different online payment providers to find the one that best meets your needs.",1,HC3,finance
Actually in that case that is a laser transit(laser level ) which is used in conjunction with a receiver head on a stick with measurements on it . They are used in construction and excavation to check for level . As well as measure the elevation change between certain areas . ( we work excavation and use one on a regular basis for leveling pipe for drain fields as well as for buildings . ),0,HC3,reddit_eli5
"investopedia is a great site for all things financial , including simulated market transactions . here is their brief history of hedge funds ... URL_0 To summarize , Hedge funds try to reduce the risk of long term investments with short - term short selling .",0,HC3,reddit_eli5
"The capital market is a financial market in which long-term debt or equity-backed securities are bought and sold. It is a market for securities that are not backed by physical assets and are typically issued by governments, municipalities, and corporations.The capital market includes a wide range of securities, such as stocks, bonds, and other debt instruments. It is distinct from the money market, which is a market for short-term debt instruments with maturities of one year or less.The capital market plays a crucial role in the allocation of capital within an economy. It provides companies with a way to raise funds to finance their operations and growth, and it allows investors to earn a return on their investments by providing capital to these companies.There are two main types of capital markets: the primary market, where new securities are issued, and the secondary market, where securities that have already been issued are bought and sold. The primary market is where companies and governments raise capital by issuing new securities, while the secondary market is where investors can buy and sell securities that have already been issued.",1,HC3,finance
"I 'll confine my answers to the US . 1 . Weed is not becoming legal anywhere . Certain states are decriminalizing or legalizing it , but the federal government still bars the use or possession of marijuana . So it 's not going to be a state crime in , say , Colorado , but it will remain a federal crime . 2 . It 's going to vary employer - to - employer . Given that employment is at - will in most states , an employer can choose to test you and fire you for anything that 's not discriminatory , including your inability to turn the entire sky bright green . Use of marijuana is not discriminatory within the word 's meaning in law , so they can still continue to test and disqualify / terminate you for its use in the same way they did prior to some states ' decriminalization / legalization .",0,HC3,reddit_eli5
"Capacitors and inductors mentioned below are definitely strong reasons for why this happens . You can witness this behavior yourself with a laptop power supply . Usually , the charger has a small green light on it somewhere that indicates it 's plugged in . Plug it into the wall , but do n't plug it into your laptop , and watch the light come on . Now , unplug it from the wall - you 'll notice that , usually , the light stays on for another few seconds even after it 's unplugged .",0,HC3,reddit_eli5
"Astronauts are protected from the loud noise of a rocket launch in a few different ways. First, they wear special earplugs or earmuffs that help to block out some of the noise. These earplugs or earmuffs are made of materials that are designed to absorb sound waves and reduce the amount of noise that reaches the eardrums. Second, the inside of the spacecraft is designed to be very sturdy and able to withstand the vibrations and noise of the launch. The walls of the spacecraft are thick and made of materials that are able to absorb some of the sound waves and reduce the amount of noise that reaches the astronauts. Finally, the astronauts are also seated in a special area of the spacecraft that is designed to be as quiet as possible. This helps to reduce the amount of noise that they are exposed to during the launch. Overall, these measures help to protect the astronauts' ears and prevent their eardrums from being damaged by the loud noise of the rocket launch. It is still very loud inside the spacecraft during the launch, but the astronauts are able to withstand it thanks to these protective measures. As for where you can get shuttle-launch-grade earmuffs, it is possible that they may be available for purchase from some specialty stores or online retailers. However, it is important to note that these earmuffs are designed for use by trained professionals, such as astronauts, and may not be suitable for use by the general public.",1,HC3,reddit_eli5
"People might say ""partner"" instead of ""boyfriend,"" ""girlfriend,"" or ""spouse"" for a variety of reasons. One reason might be that the word ""partner"" can be more inclusive and doesn't specify a particular gender. This can be useful for people who are in same-sex relationships, as well as those who are transgender or non-binary and don't feel comfortable being referred to using traditional gender-specific terms. Another reason might be that some people simply prefer the word ""partner"" because it can feel more modern or less traditional. Some people might also find it more neutral or less formal than terms like ""husband"" or ""wife."" So, to sum up, ""partner"" is a word that people use to refer to someone they are romantically or sexually involved with. It can be used in place of words like ""boyfriend,"" ""girlfriend,"" or ""spouse,"" and it can be a more inclusive and less gender-specific way of referring to someone.",1,HC3,reddit_eli5
"They are real , it 's a sort of fraternity that you have to be invited into . They are closely tied in with the shriners as well . The big conspiracy is that many of famous people in power have been free masons , Like several Presidents , world leaders , etc . So it is argued that free masons run much of the world behind closed doors .",0,HC3,reddit_eli5
"Heavy vehicles pull far more weight for a given engine power than cars , and their engines give the most usable torque at a very narrow rev range ( around 300 - 500 rpm ) . The weight means you 'll want to ideally never leave that small rev range , so you need many gears for efficient pulling and to be able to optimize your revs for fuel efficiency when cruising . When you 're not pulling a heavy load , you can easily skip over two to three gears with each shift . The gear ratios are also vastly different . First gear on a heavy truck is so low you can literally slip your foot off the clutch and get going smoothly with no load , and maybe get to 5 kmh at redline . Trucks are also not permitted to go past 80 kmh in the EU and are governed to a maximum of 90 kmh , so top gear has the engine spinning at its most fuel efficient rev range at those speeds ( 1100 - 1500 rpm ) . Ungoverned , a truck would only go 120 - 150 kmh before it hit redline at top gear . By comparison , a car needs a decent bit of clutch slipping to get going in first gear which is good for 40 - 70 kmh , and can obviously reach far higher top speeds which are n't restricted by the gearbox , but by the engine not providing enough power to overcome air resistance past the vehicle 's top speed .",0,HC3,reddit_eli5
"NAFTA, or the North American Free Trade Agreement, is a trade agreement between the United States, Canada, and Mexico. It was signed into law in 1993 and went into effect in 1994. The main goal of NAFTA was to reduce tariffs (taxes on imported goods) and other trade barriers between the three countries, which would make it easier and cheaper for businesses to buy and sell goods and services across national borders. This was supposed to help create new jobs and boost economic growth in all three countries. There have been a lot of different opinions about the benefits and drawbacks of NAFTA. Some people believe that it has helped create new jobs and increased economic growth, while others believe that it has led to the loss of jobs and harmed certain industries in all three countries. Despite these differing opinions, NAFTA has not been repealed because it has been in place for a long time and many businesses and industries in the three countries have become reliant on it. Changing or repealing the agreement would be a major change that could have significant consequences for these businesses and industries, so it is not something that is done lightly.",1,HC3,reddit_eli5
"Because of a few things , depending on where they were shot . If they were shot in the head , they die instantly because there are no more signals to send to the heart to beat , to the lungs to breathe , or any other part to do anything else . This is instantaneous ( most of the time ) If they are shot in the heart , they do n't die instantly , instead they go into shock from the pain and damage and ca n't move because of such . And lie there until they bleed out and the brain is slowly deprived of oxygen . This can take from a second to a minute , but the person generally is n't conscious for the entire time . If they are shot in the gut , they do n't die instantly , or even quickly , it 's slow . It tears open blood vessels , the stomach , intestines , maybe the liver . And all the bacteria cause an infection , that can leave them in agony for hours , days , sometimes weeks . If they are shot almost anywhere else , it 's generally not as bad . Shoulders , thighs , etc are pretty bad because of the major blood vessels that run through them , meaning the person can bleed out , but other than that , people can often survive .",0,HC3,reddit_eli5
"A credit union is a type of financial institution that is owned and controlled by its members. It is similar to a bank in that it offers a range of financial services, such as checking and savings accounts, loans, and credit cards. However, unlike a bank, which is owned by shareholders and is primarily focused on making profits for them, a credit union is owned by its members and exists to serve their financial needs. Credit unions are often considered to be more community-oriented and customer-friendly than banks, and they may offer lower fees and better interest rates on loans and savings accounts. Credit unions are typically organized around a particular group of people who share something in common, such as living in the same area, working for the same company, or belonging to the same organization. Members of a credit union must meet certain eligibility requirements in order to join. Once you become a member of a credit union, you are able to take advantage of the financial products and services it offers, and you also have a say in how the credit union is run. So, when people talk about dropping their bank and joining a credit union, they are generally talking about switching from a traditional bank to a credit union in order to take advantage of the potentially lower fees, better rates, and more community-focused approach that credit unions offer.",1,HC3,reddit_eli5
"The Relative Strength Index (RSI) is a technical analysis indicator that measures the strength of a security's price action. It is calculated by dividing the average gain of a security over a specific period by the average loss over that same period. The resulting number is then plotted on a scale from 0 to 100.An RSI reading below 30 is generally considered to indicate that a security is oversold, while an RSI reading above 70 is typically considered to indicate that a security is overbought. However, it is important to note that the RSI is just one of many technical indicators that can be used to analyze a security, and it should not be used in isolation. It is also important to consider other factors such as fundamental analysis and market conditions when making investment decisions.Therefore, a currency pair or stock with an RSI below 30 may be considered undervalued by some analysts, but this is not necessarily always the case. It is important to consider the RSI in the context of the broader market and to use it as just one tool in your investment decision-making process.",1,HC3,finance
"there are two notions of deleting . the first notion is simply "" freeing "" the memory so that another program can use it . this does n't necessarily destroy the previous data stored in that memory , it simply signals the operating system that that memory is now free to use for other processes that request memory resources . if another process requests that memory it will receive it , but that process will ignore the previous value of the memory and write over it with a new value that the new process actually needs to use . the second notion is actually destroying the data that was stored in the memory . this is usually not done except in the case where the information must be destroyed for security purposes . this is done by writing over the memory with some other value ( usually all 0 's ) .",0,HC3,reddit_eli5
"Using a plastic water bottle that has not been properly cleaned and has been used for a long period of time can potentially lead to health issues due to the build-up of bacteria inside the bottle. Bacteria is a type of tiny germ that can cause illness. When you drink water from a bottle that has a lot of bacteria in it, you might get sick because the bacteria can make you feel nauseous or give you a stomachache. It's important to regularly clean your water bottle and replace it if it starts to show signs of wear and tear, such as cracks or a musty smell. This will help ensure that the water you drink is clean and free of harmful bacteria.",1,HC3,reddit_eli5
"The Pirate Bay is a website that allows users to search for and download torrent files, which are small files that contain information about how to download larger files from other users. The website has been the subject of controversy and legal battles because it is often used to download copyrighted material such as movies, music, and software without permission from the copyright holders.

In many countries, it is illegal to download copyrighted material without permission from the copyright holder. The Swedish government and other governments have tried to shut down The Pirate Bay because they believe it encourages and facilitates copyright infringement. However, The Pirate Bay has been able to remain online despite these efforts, partly because it has moved its servers to different countries and uses various techniques to evade attempts to block it.

It is important to note that using The Pirate Bay or other websites to download copyrighted material without permission may be illegal in your country, and you could face legal consequences if you are caught doing so. It is always a good idea to respect the intellectual property rights of others and to only download and share content that you have the legal right to use.",1,HC3,reddit_eli5
"Because computers are rarely just doing one thing at a time , it can be very hard to predict exactly when you 'll finish something . Let 's say you 're at work . You 're working on some document . Then your boss calls and needs you to put out a fire . Then your colleague takes you out to lunch . Then someone comes to chat with you . Then you get 2 hours of solid work done . Then you get distracted by reddit . Then you finish your task . Initially , you may have only thought it 'd take 4 hours . Then all those distractions hit , so you said 8 hours , but then you got that 2 hours in where you were doubly productive , so now it 's only 3 hours left . Then reddit , so 20 days instead . It 's the same with computers . You may just be copying a folder , but your computer is also idling , running the OS , handling any other applications that are open in the background , etc . Sometimes , you 'll get a lucky stretch where there 's not much going on and you can get more stuff done . This is especially true of downloading things online , where the load on the server you 're talking to , or even any of the nodes you hit along the way , can have an impact on your speeds .",0,HC3,reddit_eli5
"Cancer research is a very expensive field because it requires a lot of resources to study and understand cancer, and to develop new treatments and therapies. Some of the things that the money for cancer research goes towards include: Paying for scientists and doctors to study cancer and work on new treatments. These researchers need to be paid for their time and expertise.
Buying equipment and supplies. Cancer research requires a lot of specialized equipment, such as microscopes and lab supplies, which can be very expensive.
Funding clinical trials. Clinical trials are studies that test new cancer treatments in patients to see if they are safe and effective. These studies are expensive to run and require a lot of resources.
Supporting cancer patients. Many cancer patients need financial assistance to pay for their treatments, and cancer research organizations often provide this support. Overall, cancer research is a very complex field that requires a lot of resources to make progress, and that's why it needs a lot of funding.",1,HC3,reddit_eli5
"Pretty much every democratic country that collects taxes and uses tax money to fund things like infrastructure , healthcare , public education , etc is socializing the costs of all of those things , so I would argue that some socialist principles work out pretty good in the long run .",0,HC3,reddit_eli5
"Eyebrows grow back after being shaved off because they are made up of hair just like the hair on your head. When you shave your eyebrows, the hair is cut off at the surface of your skin, but the root of the hair is still alive and healthy beneath the surface. As a result, new hair can grow back from the root to replace the hair that was shaved off.

However, eyebrows do not continue to grow indefinitely. Like all hair, eyebrows have a growth cycle that includes a growth phase and a resting phase. During the growth phase, the hair on your eyebrows will grow to a certain length. When the hair reaches a certain length, it will enter the resting phase, during which the hair will stop growing and eventually fall out. When this happens, new hair will begin to grow in its place and the cycle starts over again.

So, eyebrows do not grow past a certain length because they have a natural growth cycle that causes them to stop growing and fall out after a certain amount of time. This is why your eyebrows may look a little bit different from day to day or week to week, even if you do not do anything to them.",1,HC3,reddit_eli5
"You ca n't really answer this question without knowing specifics about the aliens . Do they have some sort of eyes ? Do they have ears ? It is not like communicating with a foreign person , because in that scenario you still share all the same communication tools , you just lack a common language .",0,HC3,reddit_eli5
"Myasthenia gravis is a chronic autoimmune disorder that affects the muscles that control the movements of the eyes, mouth, throat, and limbs. It is caused by a deficiency of acetylcholine receptors at the neuromuscular junction, which results in weakness and fatigability of the affected muscles. The severity of myasthenia gravis can vary widely, and it can affect people of all ages. Some people with myasthenia gravis have only mild symptoms that can be managed with medications, while others may have more severe symptoms that require ongoing treatment and may be at risk of life-threatening complications.\n\nIt is difficult to determine the exact number of deaths caused by myasthenia gravis each year, as it is not a common disorder and the severity of the condition can vary widely. According to the Myasthenia Gravis Foundation of America, the mortality rate for people with myasthenia gravis has decreased significantly in recent decades due to advances in treatment and care. However, some people with myasthenia gravis may still be at risk of complications, including respiratory failure and other life-threatening issues, that can lead to death.\n\nIt is important for people with myasthenia gravis to receive regular medical care and to follow their treatment plan closely to manage their symptoms and reduce the risk of complications. If you have myasthenia gravis or have concerns about the condition, it is important to talk to a healthcare professional for more information and guidance on managing the condition.",1,HC3,open_qa
"My former music teacher was a mason . He told me some things so here is what I know . Its basically a big frat . People meet up and hang out with other members . Like other groups their are some rituals and rites . Freemason culture is more ritual based then other society 's , but they are not a cult . Its just a way for people to meet and make new friends through a society .",0,HC3,reddit_eli5
"Oils and dirt on hands , for the most part , ca n't dissolve in water . The soap molecule consists of a long chain of carbon atoms that likes to dissolve oils and dirt , and at one end it has a piece that likes to dissolve in water and carries the long , "" hydrophobic "" piece with it , along with any oils and dirt that it has dissolved . In scientific terms , the soap molecule is "" amphipathic . "" That means that it has a hydrophobic part and a hydrophilic ( "" likes water "" ) part .",0,HC3,reddit_eli5
"That 's a hard question because you really comparing apples and oranges . The mini - max algorithm is useful in very specific situations . You need to have a well - defined state space ( game board and pieces ) , well - defined state transitions ( game rules ) , adversarial gameplay ( players have opposing goals ) , low branching factor ( few good moves in a given position ) alternating turns , and a good static evaluation function ( who has the most pieces ) . When these conditions exist , mini - max and its various heuristics ( which includes alpha - beta pruning ) is an efficient way to conduct a brute force search through the move tree . A neural network is an artificial intelligence technique that in some ways mimics the human brain . The network learns by being exposed to a large body of input and being "" rewarded "" or "" punished "" if its response is right or wrong . It is a very general technique applicable to a wide variety of problems but usually does not give as good results as a special purpose solution . The two are so different , comparing them is like asking what is a better food , grain or beef Wellington ? Grain feeds the world , but you are unlikely to order it in a fancy restaurant .",0,HC3,reddit_eli5
"Not necessarily . The best explaination for this that I have ever seen went something like this : Sure there could be an infinite number of universes but that does n't mean that there is one where the theory does n't hold ; just like there are an infinite number of numbers between three and four , but none of them are five .",0,HC3,reddit_eli5
"A bursting blood vessel in the chest can cause chest pain. However, it is important to note that chest pain can have many causes and it is important to get a proper diagnosis from a medical professional. Chest pain can be a symptom of a serious medical condition, such as a heart attack or pulmonary embolism, and it is important to seek medical attention immediately if you experience chest pain. A bursting blood vessel in the chest is not usually a cause for concern, but it is important to get a proper diagnosis to rule out more serious conditions. If you have concerns about your health, it is always a good idea to speak with a medical professional.",1,HC3,medicine
"When you speak , you constantly adjust the tone / pitch / etc of your voice . A deaf person ca n't do this , because they ca n't hear it .",0,HC3,reddit_eli5
"It's always important to speak with a healthcare professional about any health concerns you may have. However, here are some general treatment options for the conditions you mentioned:

Rheumatoid arthritis: Treatment for rheumatoid arthritis typically involves a combination of medications and lifestyle changes. Nonsteroidal anti-inflammatory drugs (NSAIDs) and disease-modifying antirheumatic drugs (DMARDs) can help reduce inflammation and slow the progression of the disease. Physical therapy, exercise, and assistive devices such as canes or splints can also be helpful in managing the symptoms of rheumatoid arthritis.

Headache: There are many different types of headaches, and treatment will depend on the specific type and severity of the headache. Over-the-counter pain relievers such as acetaminophen or ibuprofen can often be effective in relieving mild to moderate headaches. More severe headaches may require prescription medications or other treatments. It's important to speak with a healthcare professional to determine the appropriate treatment for your specific headache.

Jaw pain: Jaw pain can be caused by a variety of factors, including teeth grinding, jaw injury, or temporomandibular joint (TMJ) disorder. Treatment will depend on the underlying cause of the jaw pain. In some cases, over-the-counter pain relievers or ice packs can help reduce inflammation and relieve discomfort. Other treatments may include physical therapy, bite guards, or medication to relax the muscles in the jaw.

Low blood pressure: Low blood pressure, also known as hypotension, can be caused by a variety of factors, including dehydration, certain medications, and underlying medical conditions. Treatment for low blood pressure may include increasing fluid intake, increasing salt intake, and taking medications to raise blood pressure. It's important to speak with a healthcare professional to determine the appropriate treatment for your specific case of low blood pressure.

Tinnitus: Tinnitus is the perception of noise or ringing in the ears that is not caused by an external source. There is no cure for tinnitus, but there are several treatment options that can help manage the symptoms. These may include sound therapy, counseling, and medications to relieve anxiety or depression. It's important to speak with a healthcare professional to determine the best treatment approach for your specific case of tinnitus.

Again, it's important to speak with a healthcare professional about your specific health concerns and treatment options. They will be able to take into account your individual circumstances and medical history to recommend the most appropriate treatment plan for you.",1,HC3,medicine
"Slower frame rate . The older cameras could only take a picture a few times per second . So a video of a man moving his hand would show the hand in one place , then in the next frame the hand would appear to have ' jumped ' to a new position .",0,HC3,reddit_eli5
"Doppelgangers, also known as identical twins, are two people who are very similar in appearance because they are born from the same fertilized egg and share the same DNA. This means that they have the same genetic material and inherit many of the same physical characteristics from their parents.\n\nSometimes, two eggs are fertilized at the same time, and each egg develops into a separate baby. These babies are called fraternal twins, and they do not look exactly the same because they do not have the same DNA. However, they can still be very similar in appearance if they have the same parents and inherited many of the same physical characteristics.\n\nIt's also worth noting that even if two people do not have the same DNA, they can still look similar if they have many of the same physical characteristics due to a combination of genetics and environmental factors.\n\nI hope that helps! Let me know if you have any other questions.",1,HC3,reddit_eli5
"To be confident in your solution, and get the best solution for you, consult a local accountant, preferably one who is specialized in taxes for businesses.  Or muddle through the code and figure it out for yourself.  The primary advantage in consulting with an accountant is that you can ask them to point out ways you can restructure your expenses, debts and income in order to minimize your tax burden.  They can help you run the numbers for the various options and choose the one that is right, numerically.",0,HC3,finance
"It's important to keep in mind that all investments carry some level of risk, and it's not possible to find an investment that is completely uncorrelated with the overall economy. However, there are some strategies you can consider that may offer the potential for high returns while also providing some diversification.One option is to invest in assets that are not correlated with the U.S. economy, such as international stocks or commodities. For example, you could consider investing in a mutual fund or exchange-traded fund (ETF) that focuses on emerging markets or commodities such as gold or oil. These types of investments may perform differently than domestic stocks, and can potentially provide some diversification in your portfolio.Another strategy is to invest in alternative assets, such as real estate, private equity, or hedge funds. These types of investments may have higher potential returns, but also come with higher risk and may be more illiquid than traditional investments. It's important to carefully research and understand the risks and potential returns of these types of investments before making a decision.It's also a good idea to consult with a financial professional, who can help you understand your investment goals and risk tolerance, and recommend a diversified portfolio that aligns with your financial situation.",1,HC3,finance
"When you're sick and can only breathe out of one nostril, it's probably because that nostril is congested or blocked. The inside of your nose is lined with small blood vessels called capillaries, and when you have a cold or allergies, these capillaries can become swollen and inflamed. This swelling can block the flow of air through your nostrils, making it difficult to breathe. When you turn over, the change in position can cause the swollen blood vessels in your nose to shift slightly. This can temporarily open up the blocked nostril, allowing you to breathe more easily. The effect is usually only temporary, and the nostril may become congested again after a short period of time. It's also possible that the nostril that was blocked before may become congested again, while the other nostril becomes clear. This is because the congestion in your nose can change depending on your position and the flow of air through your nostrils.",1,HC3,reddit_eli5
"I 'll give short brief answer for opposition . The Federal Reserve tries to maximize the potential of the US economy . This sounds fine and dandy . The problem is that there are so many factors that go into the daily operation of an economy that they ca n't possibly take everything into consideration . There 's unintended consequences in their actions . The business cycle theory is part of the opposition . That 's in brief that the manipulation of the interest rates are a cause for an unsustainable boom , and inevitable crashes ( housing , tech bubble , etc . ) . The Fed creates the boom and bust cycle pattern you see . That it does n't just happen for no reason . Low interest rates they use also put more money in the economy , devaluing the dollar . This being a problem because the poor does n't keep up with the raise in prices . It takes time for them to get a raise to be able to keep up . It also hurts retirees . Those are the two big reasons . The Austrian School being the biggest opponent . They 're the believers of the business cycle theory . Kinda brief , but I do n't feel like going further .",0,HC3,reddit_eli5
"The Federal Reserve System, also known as the ""Fed,"" is the central bank of the United States. It is responsible for implementing the country's monetary policy, which is the process of managing the supply and demand of money in the economy. The Fed has several tools that it uses to implement monetary policy, including setting the interest rates that banks charge to lend money to each other and to their customers. It also has the power to print more money if it thinks the economy needs it, or to take money out of circulation if it thinks there is too much. The Fed is controversial because some people think it has too much power and that it is not accountable to the government or to the public. Other people think it is necessary for the stability of the economy and for maintaining the value of money. In short, the Fed plays a crucial role in managing the money supply and interest rates in the United States, and its actions can have significant effects on the economy.",1,HC3,reddit_eli5
"Rough and Ready is a small unincorporated community in Nevada County, California, United States. It is located about 10 miles (16 km) northwest of Grass Valley, at an elevation of 2,200 feet (670 m). The community was founded in the 1850s as a gold mining town, and it was named after General Zachary Taylor, who was nicknamed ""Old Rough and Ready"" due to his simple and unpretentious style. Today, Rough and Ready is a small rural community with a population of about 2,000 people. It is known for its historic buildings and its annual Independence Day parade, which is one of the oldest in the state.",1,HC3,open_qa
"There are three types of mobile versions of websites , mobile apps , media queries , and mobile websites . Mobile apps would be ones that you download from Google Play or the App Store . Media queries are the same website but the server sends files that tell the browser how to render the page at specific window sizes . Mobile websites are different websites that use a subdomain , URL_0 , these are completely different websites that can do anything . I think there is a lot of movement toward the media queries as it is by far the easiest to set up , but the mobile app is probably the one that gets the most return visitors although that is by far the most difficult as it uses a completely different computer language .",0,HC3,reddit_eli5
"Andy Griffith was born on June 1, 1926 in Mount Airy, North Carolina, United States. He was an American actor, comedian, television producer, and singer, best known for his role as Sheriff Andy Taylor in the television series ""The Andy Griffith Show,"" which aired from 1960 to 1968. He died on July 3, 2012, at the age of 86.",1,HC3,open_qa
"Cougar Town is an American television sitcom that aired for six seasons on ABC and TBS. It was created by Bill Lawrence and Kevin Biegel and starred Courteney Cox as Jules Cobb, a recently divorced woman in her 40s who tries to navigate the challenges of dating and raising her teenage son while surrounded by her eccentric group of friends and family in the fictional town of Gulfhaven, Florida.\n\nThe show was filmed in a variety of locations in the Los Angeles area, including Culver City and Van Nuys, California. It was also filmed on location in the town of Cougar Town, Florida, which is a real place, but it is not the same as the town depicted in the show.",1,HC3,open_qa
"Yes, it is possible for the same person to be both the primary borrower and cosigner on a car loan. When you apply for a car loan, the lender will typically ask you to provide information about yourself as the primary borrower and, if you have one, a cosigner. The primary borrower is the person who is responsible for repaying the loan, while the cosigner is a person who agrees to be responsible for the loan if the primary borrower is unable to make the required payments.As the primary borrower, you will need to provide information about your income, employment, credit history, and other financial details to the lender. The lender will use this information to determine whether you are a good candidate for a car loan and, if so, what terms they are willing to offer you. If you are approved for a car loan, you will be required to sign a loan agreement that outlines the terms of the loan, including the interest rate, monthly payment, and length of the loan.As the cosigner, you will also be required to provide information about your income, employment, and credit history to the lender. The lender will use this information to determine whether you are a good candidate to serve as a cosigner. If you are approved as a cosigner, you will be required to sign a cosigner agreement that outlines your responsibilities as a cosigner. In general, the cosigner is expected to make the loan payments if the primary borrower is unable to do so.It is important to note that being a cosigner is a serious responsibility, as you are legally responsible for repaying the loan if the primary borrower is unable to do so. If you are considering serving as a cosigner on a car loan, it is important to carefully consider your financial situation and make sure that you are able to afford the payments if they become necessary.",1,HC3,finance
"Share price is based on demand.  Assuming the same amount of shares are made available for trade then stocks with a higher demand will have a higher price.  So say a company has 1000 shares in total and that company needs to raise $100. They decide to sell 100 shares for $1 to raise their $100. If there is demand for 100 shares for at least $1 then they achieve their goal. But if the market decides the shares in this company are only worth 50 cents then the company only raises $50. So where do they get the other $50 they needed? Well one option is to sell another 100 shares. The dilution comes about because in the first scenario the company retains ownership of 900 or 90% of the equity. In the second scenario it retains ownership of only 800 shares or 80% of the equity. The benefit to the company and shareholders of a higher price is basically just math. Any multiple of shares times a higher price means there is more value to owning those shares. Therefore they can sell fewer shares to raise the same amount.  A lot of starts up offer employees shares as part of their remuneration package because cash flow is typically tight when starting a new business. So if you're trying to attract the best and brightest it's easier to offer them shares if they are worth more than those of company with a similar opportunity down the road. Share price can also act as something of a credit score. In that a higher share price ""may"" reflect a more credit worthy company and therefore ""may"" make it easier for that company to obtain credit. All else being equal, it also makes it more expensive for a competitor to take over a company the higher the share price. So it can offer some defensive and offensive advantages. All ceteris paribus of course.",0,HC3,finance
"Going to throw this out there but basically someone with a steady hand , a lot of time , and a lot of skill in Photoshop uses various methods to give an estimated guess as to what they should color in and how to do it . They use some basic knowledge from that timeframe to colorize the clothing and use other elements from the photo to adjust hues , shadows and so forth accordingly .",0,HC3,reddit_eli5
"There are two hypotheses . The null and the alternative . The null hypothesis states the status quo is true . The alternative hypothesis is the compliment ( opposite ) , and is what you are trying to prove . So really , you 're trying to prove that the "" accepted "" belief is wrong . You can not prove or disprove the null hypothesis . By collecting evidence you can either choose to reject or not reject the null hypothesis , but it is not possible to state with certainty that it is either true or false . Please note I come at this question with a statistical background , not a philosophical one .",0,HC3,reddit_eli5
"Great question! The names for different types of meat come from the animals they come from. Cows are a type of large animal that is often raised for their meat, which is called beef. Pigs are another type of animal that is often raised for their meat, which is called pork. Chickens are a type of bird that is often raised for their meat, which is called chicken. The names for different types of meat are often based on the animal they come from, and people have been using these names for a long time. In the same way that beef comes from cows and pork comes from pigs, chicken meat comes from chickens. It's just the way we've always referred to these types of meat.",1,HC3,reddit_eli5
"When a computer freezes, it means that the computer's operating system is no longer responding to inputs from the mouse or keyboard. This can happen for a variety of reasons, but some common causes include: The computer's hardware is not functioning properly, which can cause the operating system to stop responding. The computer's software is not functioning properly, which can cause the operating system to stop responding. The computer is overwhelmed with too many tasks, which can cause the operating system to stop responding. When a computer freezes, it's important to try to figure out the cause of the problem so that it can be fixed. Sometimes, you can simply restart the computer and it will start working again. Other times, you may need to do a little more troubleshooting to identify the cause of the problem and fix it.",1,HC3,reddit_eli5
"It 's a sign of genetic health and societal standing . First there 's symmetry . A general sign of health is a relatively symmetric face , with two eyes that sort of look like each other , a straight nose , and so on . Yes there absolutely are exceptions - we are also attracted to the novelty of someone with different coloured eyes , and Harrison Ford 's crooked schnozz kind of adds to his roguish tough - guy charm . But in general , symmetric faces mean a greater chance of cute kids , which means a better breeding partner . Then there 's smoothness of skin , not too much or not too little hair that 's in the right places , lack of redness in the eyes , even white teeth , cleanliness which means you 're not just back from shoveling fertilizer , and so on . All of these things have been conditioned by what society thinks is attractive both from an appearance perspective and from a financial support - your - kids perspective , on top of our genetic basis for attraction . And that 's why people with these features show up on Vogue and Maxim and GQ and so on . Why the face ? We wear clothes that usually cover our bodies , and we face people when we talk to them . This makes the face the most obvious and concentrated set of signals that might help assess attractiveness , and so it 's there that we quite often assess someone as attractive or not .",0,HC3,reddit_eli5
"\nThose things that grow on old potatoes are called potato eyes. Potatoes naturally have small bumps on their skin called ""eyes."" When a potato is left in a warm, moist place for a long time, these eyes can start to grow into shoots. These shoots are actually new potato plants!\n\nPotatoes are usually grown in a different way. Farmers plant potato seeds in the ground, or they plant small pieces of potato that have at least one eye on them. When the potato plants grow, they produce small white flowers. After the flowers die, small green balls called ""tubers"" start to form underground. These tubers are the potatoes that we eat.\n\nSo, while it is possible for potatoes to grow from potato eyes, it is not the usual way that farmers grow potatoes.",1,HC3,reddit_eli5
"Since the people saying it are invoking religious texts , it 's not a scientific statement . People do n't , to the best of our understanding , live 900 years .",0,HC3,reddit_eli5
"Going to sleep after a severe head injury can be dangerous because when you are awake, you are able to communicate with people and let them know if you are feeling okay or if something is wrong. If you go to sleep, you might not be able to let anyone know if you start to feel worse. It's important for someone to keep an eye on you and make sure you are okay.",1,HC3,reddit_eli5
"Hello dear,Thank you for your contact to health care magic.I read and understand your concern. I am Dr Arun Tank answering your concern.Yes, there is a need to continue the treatment. I suggest you to continue your fluconazole tablet. Though your infection is start getting cured it is still not cured completely. Please consult your doctor before taking the treatment.Please get your blood sugar and HIV test examination done. Because this are the most common cause of fungal infection. Please mainyian good hygiene by frequent cleaning over infected area. Avoid frequent sweating over the infection. Wearing a cotton cloth can help treating fungal infection.I will be happy to answer your further concern on bit.ly/DrArun.Thank you,Dr Arun TankInfectious diseases specialist,HCM",0,HC3,medicine
"The outlets in a power strip are wired up in parallel . As you plug more items in the load does increase . Most power strips have a circuit breaker on them that will trip if you exceed the load , if not your outlet should have a circuit breaker as well . It is entirely possible to overload a power strip , it is just most consumers do n't have that many high draw items in one area and professionals such as contractors already know better .",0,HC3,reddit_eli5
"It is important to discuss your test results with a healthcare professional. Elevated levels of ALT and bilirubin can indicate liver damage or disease. The presence of H. pylori, a bacterium that can cause infections in the stomach and intestines, may also need to be addressed.

Your healthcare provider will consider your test results along with your medical history and any symptoms you are experiencing to determine the appropriate course of action. It is important to follow your healthcare provider's recommendations and seek medical attention if you have any concerns or if your symptoms worsen.",1,HC3,medicine
"99 cent stores work by buying products in bulk at a low price and then selling them in their stores for a low price. The products that they sell can be a variety of things, including food, household items, toys, and more. They are able to offer low prices because they buy the products at a lower cost than other stores, and they also often have a smaller selection of products to choose from. Some 99 cent stores may buy products that are close to their expiration date, but this is not always the case. They may also buy products that have been overstocked by other stores or that have been discontinued by the manufacturer. The goal of a 99 cent store is to offer low prices on a wide variety of products, so that people can save money when they shop.",1,HC3,reddit_eli5
"They are n't in general . They are disappearing in the American market , but are very , very common in the European market .",0,HC3,reddit_eli5
"Apparently it 's generally considered that the Germans had were too blinded by Hitlers successes to acknowledge the truth at the time . But even by the last year 's of the war , many Germans felt shame about what their country had done . It is openly acknowledged now and they take it as a dark page in their history .",0,HC3,reddit_eli5
"​


···
ChatGPT Dec 15 Version. Free Research Preview. Our goal is to make AI systems more natural and safe to interact with. Your feedback will help us improve.
New chat
US National Debt Payoff
Victim Hearing Gunshot Shot
New chat
Make Money with YouTube
Why Sculptures Missing Limbs
Historical Photo Resolution Process
Differences Between Leasing Buying
Ouija Boards: Ideomotor Effect
Why Is Sleep Harder?
Inheriting Property Taxes
Periodic Table Element Arrangement
Understanding Art Subjectivity
British Accents: Variation and Region
Purpose of Crying
Is Twitch Plays Pokemon Legal?
What is circlejerk?
Liberalism in American Politics
Explaining Anarchism Like Five
Explaining Cyberbullying to Five
Noise Cancelling Headphones Explained
Show more
Clear conversations
Dark mode
OpenAI Discord
Updates & FAQ
Log out",1,HC3,reddit_eli5
"The right to bear arms is a fundamental right that is protected by the Second Amendment to the United States Constitution. This amendment was adopted in 1791 as part of the Bill of Rights, which is a collection of amendments that were added to the Constitution to protect the individual rights and freedoms of American citizens.

The purpose of the Second Amendment is to ensure that the people of the United States have the right to defend themselves and their country. This includes the right to own and use firearms, such as guns, for self-defense and other lawful purposes.

The right to bear arms is not unlimited, however. Governments have the authority to regulate the use and ownership of firearms in order to protect public safety. For example, there are laws that prohibit certain individuals, such as felons and those with mental illness, from owning guns. There are also laws that regulate the types of firearms that can be owned and where and how they can be carried.

On the other hand, the right to bear swords is not protected by the Constitution. In many countries, including the United States, it is illegal to carry certain types of swords, such as longswords, in public. This is because swords can be dangerous weapons that can cause serious injury or death. The laws regarding swords and other types of weapons are in place to help keep people safe and to prevent harm.",1,HC3,reddit_eli5
Because copper is easily accessible and sells for a decent amount . They bring it to a scrap yard and sell after they steal it .,0,HC3,reddit_eli5
Next time it might hit you that humans are also very similar . We focus so much on differences that we tend to forget how much is the same .,0,HC3,reddit_eli5
"Marriage is a legally recognized relationship between two people that brings with it certain rights and responsibilities. These rights and responsibilities can include things like how property is shared, how financial assets are managed, and how decisions are made about the care and upbringing of children. 
The government recognizes marriages because it has an interest in promoting stable relationships and supporting families. By providing legal recognition to marriages, the government can help to ensure that couples have access to certain rights and protections that can help to strengthen their relationship and provide a more stable environment for any children they might have. 
If the government stopped recognizing marriages, it would be much more difficult for couples to access these rights and protections. For example, if a couple were not legally married, they might not have the same rights to make medical decisions for each other in an emergency, or to inherit from each other if one of them dies. 
Overall, the legal recognition of marriage helps to support strong and stable relationships, which can be good for individuals, families, and society as a whole.",1,HC3,reddit_eli5
"After the Holy Roman Empire fell apart the area of modern day Germany was home to a large collection of independent states in a confederation . By the 19th century Prussia had become the most prominent and militarily skilled of the german states , which lead to them forming a unified German state in 1871 .",0,HC3,reddit_eli5
"Ink really is n't all that expensive when you buy it by the barrel , instead of by the inkjet cartridge . Process color printing generally is four colors -- Cyan , Magenta , Yellow , and blacK ( CMYK ) . These are combined to produce any color combination desired . For full - color printing , the printer does n't need to have every color ink on hand -- they need to have plenty of those four colors .",0,HC3,reddit_eli5
"The English language is a constantly evolving entity and it is not possible to ""fix"" it in the sense of making it perfect or free of all potential confusion. However, it is possible to make changes to the way the language is used in order to reduce confusion or to make it more consistent.For example, the sentence you provided, ""The soldier decided to desert his dessert in the desert,"" is confusing because it uses the same word, ""desert,"" in three different ways. One way to reduce this confusion would be to use different words that are more clearly distinct from each other. For example, we could say ""The soldier decided to abandon his sweet treat in the arid region,"" which uses different words to convey the same meaning and is less confusing.It is also possible to make changes to the rules of the English language through the process of language reform. This can involve introducing new words or changing the way existing words are used or spelled. However, language reform can be a controversial process and it is not always easy to get everyone to agree on the changes that should be made.In summary, the English language is not something that can be ""fixed,"" but it is possible to make changes to the way it is used in order to reduce confusion or make it more consistent.",1,HC3,reddit_eli5
"\nWhen concrete is made, water is mixed with cement, sand, and gravel to create a thick, paste-like substance. This substance is poured into a mold or form, and it hardens over time to form the final concrete structure.\n\nAs the concrete hardens, the water in the mixture reacts with the cement to form a series of chemical bonds that give the concrete its strength and durability. This process is known as hydration.\n\nOnce the concrete has hardened, the water that was used in the mixture is no longer present. It has been absorbed into the cement and other materials, and it becomes an integral part of the concrete structure.\n\nConcrete can last for many years and is very durable, but it is not indestructible. Over time, it can crack or break if it is subjected to extreme stress or if it is not properly maintained. However, the water used in the concrete mixture does not escape or evaporate, and it does not play a role in the degradation of the concrete.",1,HC3,reddit_eli5
"When you are congested, it means that your nasal passages are blocked or swollen. This can happen because you have a cold, the flu, or allergies. When your nasal passages are blocked, it is harder for air to pass through your nose. As a result, more air goes through your mouth when you talk, and this can make your voice sound more nasally. Does that make sense?",1,HC3,reddit_eli5
"Birds from different continents can be considered different species because they have physical and genetic differences that make them distinct from one another and prevent them from producing offspring together. In humans, we do not classify people from different continents as different species because we are all members of the same species, Homo sapiens. Humans from different continents may have physical and cultural differences, but we are still able to interbreed and produce offspring. This means that we are all part of the same species, even if we look or act differently from one another. It's important to remember that even though people may have different physical characteristics or cultural traditions, we are all human and should be treated with respect and kindness.",1,HC3,reddit_eli5
"Initially , right after independence , the geographical location of Singapore as a free port was the main thing that boosted its economy . As the country got richer , more investments could be made in R & D , resulting in technological advancements which would further boost economic growth . It 's a cycle , and since then the country has thrived on international trade , quality of human capital ( which is also ranked one of the top few in the world , if I 'm not wrong ) , and technology . Hope this has helped !",0,HC3,reddit_eli5
"If you sold bought a call option then as you stated sold it to someone else what you are doing is selling the call you bought. That leaves you with no position.  This is the case if you are talking about the same strike, same expiration.",0,HC3,finance
"Steroids are a type of medication that can be used to treat a variety of health conditions. They are often used to reduce inflammation, which is a process that happens when your body is trying to fight off an infection or injury. Inflammation can cause swelling, redness, and pain, and steroids can help to reduce these symptoms. Steroids are also sometimes used to help people build muscle mass and strength. They can do this by increasing the production of proteins in the body, which are the building blocks of muscle. However, it's important to note that using steroids for this purpose is not safe and can have serious side effects. It's also worth mentioning that there are different types of steroids, including corticosteroids and anabolic steroids. Corticosteroids are a type of steroid that is made naturally in the body and is used to help the body respond to stress. Anabolic steroids are a type of steroid that is made in a lab and is similar to the male hormone testosterone. They are often used illegally by athletes and bodybuilders to try to increase muscle mass, but they can have serious side effects and are illegal to use without a prescription.",1,HC3,reddit_eli5
"Movies from the 70s and 80s were not filmed in high definition. However, it is possible to create high definition versions of these movies by converting the original film or video to a digital format and then upscaling the resolution. This process can help to make the movie look better on modern TVs and screens, but it will not be the same as a movie that was filmed in high definition to begin with. The original movie will still have the same visual quality as it did when it was first released, but the HD version may have improved color, clarity, and detail.",1,HC3,reddit_eli5
"A sales invoice is a document that a seller issues to a buyer to request payment for goods or services that have been sold. It typically includes the following information:\n\nDate of the invoice\nInvoice number\nContact information for the seller and buyer\nDescription of the goods or services sold, including quantities and prices\nTotal amount due\nPayment terms, such as the due date for payment and the accepted methods of payment\nAny applicable taxes or discounts\nA sales invoice serves as a record of the sale for both the buyer and the seller. It can be used by the buyer to track their purchases and by the seller to track their sales and ensure that they are paid for the goods or services they have provided. It may also be used as supporting documentation for tax purposes.",1,HC3,open_qa
"Luxottica owns over 80 % of the eyewear market . They own Lenscrafters , Sunglass Hut , Pearle Vision , Sears Optical , Target Optical , Eyemed vision care plan , and URL_0 As far as sunglasses , they own Ray - Ban , Persol , and Oakley . They make frames for most designer brands like Chanel , Prada , Giorgio Armani , Burberry , Versace , Dolce and Gabbana , Miu Miu , Donna Karan , Stella McCartney and many others . With over 80 % marketshare , its damn near a monopoly on the eyewear market . Owning that much allows them to set the price curve .",0,HC3,reddit_eli5
"It is not uncommon for infants to have relatively fast breathing rates compared to adults. In general, a normal respiratory rate for an infant is between 30 and 60 breaths per minute. However, there are certain conditions that can cause an infant to have an increased respiratory rate, such as:

Infections: Respiratory infections, such as bronchitis or pneumonia, can cause an infant to have an increased respiratory rate.

Allergies: Allergic reactions can cause inflammation in the airways and lead to an increased respiratory rate.

Congenital heart defects: Some infants are born with heart defects that can cause an increased respiratory rate.

Prematurity: Infants who are born prematurely may have an increased respiratory rate due to underdeveloped respiratory muscles.

It is important to monitor your baby's respiratory rate and seek medical attention if you are concerned. A healthcare provider will be able to assess your baby's breathing and determine the cause of any abnormalities. It is also important to make sure your baby is up to date on all recommended vaccinations, as some vaccines can help protect against respiratory infections.",1,HC3,medicine
"Great question! Dogs, cats, fish, and other animals have evolved to have different characteristics that help them survive and thrive in their particular environments. For example, some dogs have long, thick fur to keep them warm in cold climates, while others have short, smooth fur to stay cool in hot climates.

As for humans, there is only one human species, but within that species, there is a lot of diversity. People look different from one another because they have inherited different combinations of genes from their parents. Some people have genes that give them straight hair, while others have genes that give them curly hair. Some people have genes that give them light skin, while others have genes that give them dark skin. All of these differences help us adapt to different environments and conditions.

So, even though there is only one human species, there is a lot of variation within that species, just like there is a lot of variation within other species of animals.",1,HC3,reddit_eli5
"Yes . The computer only knows anything as ones and zeroes . Does n't matter what it is . There is a very complicated process stuff goes through to be displayed as what you see , but it is all stored as binary and interpreted as binary when the computer does any operation on any data . Even the operations the computer does are stored as ones and zeroes . Code is broken down from the high level languages like C#/C++/C and Java and Python , into assembly instructions which are a series of simple statements like Add , Subtract , Move Data between two locations , skip to a specific instruction , etc . Each assembly instruction has a specific sequence of bits that denotes it so the CPU knows what operation to perform . As such , there are hundreds of conventions set up as to how data / code is stored so a computer knows how to interpret it . I can try to give some examples but it might be difficult to understand or else pretty lengthy .",0,HC3,reddit_eli5
"Chrome's spellchecker uses a built-in dictionary to check the spelling of words that you type into websites. This dictionary is limited and may not contain all the words that are used on the internet. Google Search, on the other hand, uses a much larger and more comprehensive database of words to try to understand what you are searching for. This is why you might be able to find what you're looking for even if you have misspelled a word in your search query.

Imagine that you have a small book with just a few hundred words in it. If you want to check if a word is spelled correctly, you would have to look it up in the book. But if you have a much bigger book with thousands of words in it, you would be more likely to find the word you're looking for, even if you're not sure how to spell it. That's how Google Search works - it has a very large database of words and is able to understand what you're looking for even if you make a mistake in your spelling.",1,HC3,reddit_eli5
"A restricted Boltzmann machine (RBM) is a generative stochastic artificial neural network that can learn a probability distribution over its set of inputs.
RBMs were initially invented under the name Harmonium by Paul Smolensky in 1986,
and rose to prominence after Geoffrey Hinton and collaborators invented fast learning algorithms for them in the mid-2000. RBMs have found applications in dimensionality reduction,
classification,
collaborative filtering, feature learning,
topic modelling
and even many body quantum mechanics. They can be trained in either supervised or unsupervised ways, depending on the task.
As their name implies, RBMs are a variant of Boltzmann machines, with the restriction that their neurons must form a bipartite graph: 
a pair of nodes from each of the two groups of units (commonly referred to as the ""visible"" and ""hidden"" units respectively) may have a symmetric connection between them; and there are no connections between nodes within a group. By contrast, ""unrestricted"" Boltzmann machines may have connections between hidden units. This restriction allows for more efficient training algorithms than are available for the general class of Boltzmann machines, in particular the gradient-based contrastive divergence algorithm.
Restricted Boltzmann machines can also be used in deep learning networks. In particular, deep belief networks can be formed by ""stacking"" RBMs and optionally fine-tuning the resulting deep network with gradient descent and backpropagation.[10]",0,HC3,wiki_csai
"Racism is funny if not taken seriously . Besides its a taboo , something that 4chan likes to break . They are exercising their freedom in a way ( retarded , very disturbing , but a way nevertheless ) .",0,HC3,reddit_eli5
"The credits on the back of DVD cases are often written in a tall, stretched font to make them easier to read. This is because the DVD case is often placed on a shelf or other flat surface, and the credits are written on the back of the case. When the case is on a flat surface, the credits may be difficult to read if they are written in a normal font. The tall, stretched font makes the letters longer and easier to read from a distance or at a low angle. This is especially helpful when the DVD case is on a shelf below eye level. So, in short, the tall, stretched font is used to make it easier to read the credits on the back of the DVD case, no matter where it is placed.",1,HC3,reddit_eli5
"Only so many players are allowed to "" dress "" for a game , and most teams have more players than they can put on a game roster . If a player is injured , then the coaches can fill that roster spot with another player , like a back - up from the practice squad . In this case , the player that is taken out of the lineup can not dress for the game . Injured players that ca n't dress for the game can still come to the game though , which is why they wear street clothes on the bench .",0,HC3,reddit_eli5
"In ancient Rome the sounds of U , V , and W , as we currently know them , were not distinguished without context . Context was typically required to get pronunciation "" right "" . The roman V was pronounced both as a ‘ w ’ in words like VENI ( pronounced “ way - nee ” ) and as the vowel ‘ u ’ in words like IVLIUS ( pronounced as “ Julius ” ) . As a result , many languages _ do _ use UU shape , and many actually pronounce it "" double v "" . All because the romans could n't create any clarity ;)",0,HC3,reddit_eli5
"It is generally recommended that people with compromised immune systems, such as those with dermatomyositis, avoid contact with individuals who have recently received live vaccines. This is because live vaccines contain a weakened form of the virus or bacteria that can potentially cause infection in people with compromised immune systems.

To reduce the risk of infection, it is important to take the following precautions:

Wash your hands frequently and avoid touching your face, especially after coming into contact with someone who has recently received a live vaccine.

If you must be in close contact with someone who has recently received a live vaccine, try to maintain a distance of at least 3 feet (1 meter).

If you are in close contact with someone who has recently received a live vaccine, try to avoid activities that could increase the risk of transmission, such as sharing food or drinks or using the same utensils.

If you are in close contact with someone who has recently received a live vaccine, you may want to consider wearing a mask to reduce the risk of transmission.

It is important to note that the risk of transmission from live vaccines is generally low, and the benefits of vaccination generally outweigh the potential risks. However, if you are concerned about the risk of infection, you may want to discuss your concerns with your healthcare provider.",1,HC3,medicine
"""A.I. Artificial Intelligence"" (also known simply as ""A.I."") is a science fiction film released in 2001. It was directed by Steven Spielberg and written by Ian Watson and Spielberg, based on a story by the science fiction author Brian Aldiss.



The film is set in a future where the world has been affected by global warming, and the polar ice caps have melted, causing sea levels to rise and flood many coastal cities. In this world, robots known as ""mechas"" have been created to help humans in their daily lives.



The story follows a young boy named David, who is a mecha designed to be a child's companion. After his adoptive family returns him to the factory where he was made, David embarks on a journey to find a new family and become a real boy. Along the way, he encounters a variety of characters, including a group of survivors living in a flooded city, and an underground group of rogue mechas who are fighting against their human creators.



The film explores themes of love, loss, and what it means to be human, and it raises questions about the potential dangers and ethical implications of artificial intelligence.",1,HC3,wiki_csai
"The U.S. military has adopted several different camouflage patterns over the years, and the specific design and color scheme of each pattern has been chosen to help soldiers blend in with their surroundings in different environments. The current camouflage pattern used by the U.S. military is called the ""Operational Camouflage Pattern,"" or OCP. It was introduced in the early 2010s as a replacement for the earlier ""Universal Camouflage Pattern,"" or UCP, which was used in the 2000s.

The OCP pattern is made up of small, pixelated shapes in shades of green, tan, and gray. It was designed to provide better camouflage in a wider range of environments, including both urban and rural areas. The small, pixelated shapes help to break up the outline of a soldier's body and make them harder to see at a distance. The different colors in the pattern are meant to match the colors of the environment, helping soldiers blend in with their surroundings.

The decision to adopt the OCP pattern was based on research and testing, and it was intended to provide a more effective camouflage pattern for the U.S. military. It is not just a stylistic decision, but rather a practical one that is meant to help soldiers stay safe and effective in their missions.",1,HC3,reddit_eli5
"In January 1863 President Lincoln freed slaves in the Confederacy through the Emancipation Proclamation .After the war, the Thirteenth Amendment , effective December 1865, abolished slavery throughout the entire United States, including the Border states and the Indian territories.",0,HC3,open_qa
I suggest you read some more about [ Chernobyl ] ( URL_0 ) since nuclear plants do n't really explode by themselves .,0,HC3,reddit_eli5
"Starfish, like all animals, have nervous systems that allow them to perceive their environment and respond to stimuli. However, they don't have brains in the way that humans do. Instead of a single central brain, they have a decentralized nervous system with a network of small ganglia (clusters of nerve cells) located throughout their body. This allows them to perform basic functions like moving, hunting for food, and avoiding predators.Consciousness is a complex and poorly understood phenomenon that is not fully understood by scientists. It is generally thought to be related to the brain and nervous system, but it is not fully dependent on them. Some scientists believe that consciousness arises from the interactions between different areas of the brain, while others think that it may be a fundamental aspect of the universe, like space or time. It is a topic of much debate and research in the fields of psychology, neuroscience, and philosophy.",1,HC3,reddit_eli5
"Sure! Wave-particle duality is a concept in physics that explains that light and other particles can sometimes behave like waves and sometimes behave like particles. This means that they can have properties of both waves and particles at the same time. Imagine that you are at the beach and you see a wave coming towards you. You can see that the wave has a certain size, shape, and movement. These are all properties that are typical of a wave. Now, imagine that you throw a pebble into the wave. The pebble will cause a small disturbance in the wave, but the wave will continue to move and behave like a wave. Now, imagine that you are looking at a beam of light under a microscope. When you look at the light, you might see that it behaves like a wave. It has a certain size, shape, and movement. However, if you look at the light in a different way, you might see that it behaves like a particle. It can be absorbed or emitted by other particles, and it can be counted or measured. The idea of wave-particle duality is that light and other particles can have both wave-like and particle-like properties at the same time. Scientists still don't fully understand how this works, but they have developed many theories and experiments to try to explain it. Does this help?",1,HC3,reddit_eli5
"Some switches have a mechanism where you first tension a spring ( sometimes , the spring is a magnet , using magnetsism to provide the attraction force ) , then release it to make the connection . Why ? Beacuse of you make the connection slowly , you 'll have a bad connection for a while , which can cause an arc , which will soon burn out the switch contact areas . This is even more important when breaking the circuit , as arcs are much more likely to form when breaking a connection . This is why many flip switches has an initial resistance , then kind of "" snaps "" into position .",0,HC3,reddit_eli5
"Besides cost .. The refresh rate of LED was terrible . So terrible that Windows made a mouse option of "" mouse trails "" . Because you could move your mouse and lose track of it due to the slow refresh rate . Any moving image would leave trails and artifacts . Which is why the first laptops where just small word processors .",0,HC3,reddit_eli5
"The boiling point of a substance is the temperature at which it changes from a liquid to a gas. For water, this temperature is 100 degrees Celsius (212 degrees Fahrenheit) at sea level. However, the boiling point of water can be lower than 100 degrees Celsius if the air pressure is lower than normal. For example, if you are at a high altitude, the air pressure is lower than at sea level, so the boiling point of water will be lower. This is why water may boil at a temperature below 100 degrees Celsius in some situations.

The boiling point of a substance is also influenced by the type of solvent, the presence of impurities, and the pressure of the environment. For example, the boiling point of water can be increased by adding salt or other impurities, because these substances make it harder for the water molecules to escape from the surface and turn into a gas.

I hope this helps! Let me know if you have any other questions.",1,HC3,reddit_eli5
"The I d is your instinctual desire . I want food . I want sex . I want sleep . It does n't care how it gets it it just wants it . Primal urges . So rape , theft , and murder would be based on i d. The Super Ego is your conscience . Doing what is right . This is where philanthropy and altruism come from . The Ego is a balancing act between doing what is right and getting what you want . It helps the two extremes sort eachother out . If you want candy but do n't have money , it dictates you work for money because that is what is right and what you want . Realistically fulfilling the I d without pissing off your Super Ego . That 's in a nutshell . A psyche major could tell you much more .",0,HC3,reddit_eli5
"Absurdism is about the idea that humans will attempt to find meaning in life and the universe , but never really can because there is no meaning to any of it . But humans will keep trying even then . Existentialism says there is no inherent meaning in life or the universe , but humans are able to find or create their own meaning in all of it . Or they can choose to not even try to find any . Its entirely up to you to find it , and no one else can give meaning to you .",0,HC3,reddit_eli5
"Sure! A hate crime is a crime that is motivated by the offender's bias or prejudice against a particular group of people. This can include crimes based on someone's race, religion, ethnicity, sexual orientation, gender identity, or disability. Hate crimes can take many forms, such as physical violence, vandalism, or threatening language or behavior.Terrorism is the use of violence or threats of violence to achieve a political, religious, or ideological goal. It is often intended to spread fear and intimidate a larger group of people, beyond the immediate victims of the violence. Terrorism can involve attacks on civilians, government buildings or officials, or infrastructure, and can be carried out by individuals or groups.Both hate crimes and terrorism can cause harm and fear in communities, but they differ in the specific motivations and goals of the perpetrators. Hate crimes are motivated by bias or prejudice against a particular group, while terrorism is motivated by a desire to achieve a political or ideological goal through violence or threats of violence.",1,HC3,reddit_eli5
"There are n't different ' Types ' . DDoS stands for Distributed Denial of Service . The concept is extremely simple , and the reason it is so effective . Have you ever been on Reddit and you come to a screen that say 's "" Reddit is under heavy load right now . "" ? That 's because there is too much data going in and out of Reddit 's servers for them to properly handle . This data is called traffic . Servers can only handle X amount of traffic(bandwidth ) ; depending on how they are set up and how large they are . DDoS works by having a program effectively refresh a page on a website many times per second(hundreds or thousands ) , creating an immense amount of traffic for the severs to handle . Think of sitting on your computer and hitting the refresh button as fast as you can ; it 's like that , but much faster . Now have say 200 people do that and you can create some serious traffic flow for a website . ELI5 : Imagine a city with only a few cars driving around(traffic ) . They can get in and out of the city(server ) easily because the roads(bandwidth ) are open . Now imagine some asshole and his 200 friends drive into the city . A traffic jam is caused and nobody can effectively get in or out . I know that servers can crash and become more vulnerable to malicious attacks at this point , but I 'm not 100 % sure why . I think it 's because the servers spazz out and crash when left to deal with so much traffic , but do n't quote me on it .",0,HC3,reddit_eli5
"Sure! Taxes are the money that people and companies have to pay to the government to help pay for things like schools, roads, and hospitals. When a company doesn't pay taxes, it's called tax evasion.

Here's an example of how tax evasion might work: let's say there is a toy store called ""Toyland."" Toyland makes a lot of money selling toys, and the government expects Toyland to pay some of that money in taxes. But instead of paying the taxes, the owner of Toyland decides to keep the money for themselves. They might do this by hiding the money in a secret bank account, or by lying on their tax forms and saying that they made less money than they really did.

This is not legal, and if the government finds out that Toyland has been evading taxes, they can be punished. For example, the owner of Toyland might have to pay a fine or even go to jail.

It's important for companies to pay their taxes because taxes help the government pay for important things that we all use, like schools and hospitals. When companies don't pay their fair share, it's not fair to the rest of us who have to pay more to make up for it.",1,HC3,reddit_eli5
"It should be noted nobody really knows if they 're located in North Korea or not . The Pirate Bay is known for pulling pranks from time to time , and publicity is always a good thing when it comes to The Pirate Bay . At the moment , there are some people who are skeptical of the move , saying that it 's IP spoofing ( as the IP address is saying the servers are located in North Korea ) . However , nothing 's been proved yet and there 's no way to be certain they actually moved their servers . If they did move , it seems like an odd choice . On one hand , North Korea has extreme internet censorship , which completely contradicts TPB 's stances , not to mention that the dictatorship status makes it easy for a government take down . However , it would be very safe from copyright worries in North Korea . As for how it could be faked , as previously mentioned , it 's possible to spoof an IP address . IP addresses normally show the rough location of an internet enabled device ( by their ISP ) , but it is possible to fake that .",0,HC3,reddit_eli5
"ER (emergency) vets are more expensive than regular vets because they are open 24 hours a day, 7 days a week to provide medical care for pets who are experiencing a medical emergency. These emergencies might include things like accidents, poisonings, and serious illnesses that cannot wait until the next business day to be treated. Because ER vets are available to help pets at all times, they have higher overhead costs and may charge more for their services. However, if your pet is experiencing a medical emergency, it is important to get them the care they need as soon as possible, even if it is more expensive.",1,HC3,reddit_eli5
"Your skin has something called melanin which gives the skin its dark or light colour . More melanin means darker colour and less means lighter colour . The goal of melanin is to protect from UV radiation . Since there 's less UV exposure up north , skin needs to produce less melanin and the people from there are thus lighter skinned .",0,HC3,reddit_eli5
"I'm sorry, but I don't have any information about Walmart employees going on strike. It's possible that you may be misunderstanding the situation or that there is misinformation being circulated. 
In general, people go on strike when they are unhappy with their working conditions or pay, and they want to try to negotiate for better treatment. They do this by refusing to work until their demands are met. Going on strike is a way for workers to try to get their employer to listen to their concerns and make changes. 
Sometimes, people may decide to quit their job and find another one if they are unhappy with their current employer. However, this is not always a feasible option, especially if the person is in a financial or personal situation where they are unable to leave their job. In these cases, people may choose to go on strike instead of quitting in order to try to improve their working conditions.",1,HC3,reddit_eli5
"Farmers are often poor because farming can be a challenging and risky business. There are many factors that can contribute to this, including: Competition: There are many farmers around the world competing to sell their crops, which can drive down prices and make it difficult for individual farmers to make a profit. Costs: Farming requires a lot of expensive equipment, such as tractors and irrigation systems, and farmers also have to pay for seeds, fertilizers, and other supplies. These costs can add up, making it difficult for farmers to make a profit. Weather: Farming is heavily dependent on the weather, and farmers can face challenges such as droughts, floods, and extreme temperatures that can ruin their crops. This can make it difficult for farmers to predict their income and plan for the future. Limited access to markets: In some parts of the world, farmers may have limited access to markets where they can sell their crops, which can make it difficult for them to make a profit. Government policies: In some cases, government policies or subsidies can also play a role in the income of farmers. For example, if a government provides financial support to farmers, it can help them to stay afloat during difficult times. Overall, farming is a challenging and risky business, and there are many factors that can contribute to the poverty of farmers.",1,HC3,reddit_eli5
"There are a few different things that can cause a stiff neck while sleeping. One common cause is sleeping in an awkward position, such as with your neck bent at a strange angle. This can put strain on your neck muscles and cause them to feel stiff and sore when you wake up. Another possible cause is sleeping on a pillow that is too high or too low, which can also strain your neck muscles. Jerking your head around in your sleep is another possibility, although this is less common. To prevent a stiff neck while sleeping, try using a good quality, comfortable pillow that supports your neck in a natural position, and try to sleep in a comfortable position that doesn't put strain on your neck.",1,HC3,reddit_eli5
"Sure! Standard deviation is a way to measure how spread out a group of numbers is. Imagine you have a bunch of numbers, like the heights of a group of kids in your class. Some of the kids might be really tall, and some of them might be really short. The standard deviation is a way to measure how much those numbers are spread out.

To find the standard deviation, you first have to find the average (also called the mean) of all the numbers. This is just the sum of all the numbers divided by the total number of numbers. Then, for each number, you subtract the average and square the result. Finally, you add up all those squared differences and divide by the total number of numbers. This gives you the standard deviation.

So, if all the kids in your class are about the same height, the standard deviation will be small. But if some kids are really tall and some kids are really short, the standard deviation will be bigger. Standard deviation is often used to describe how much a group of numbers is spread out, because it tells you how far, on average, each number is from the average of the whole group.",1,HC3,reddit_eli5
"You simply add the dividend to the stock price when calculating its annual return. So for year one, instead of  it would be",0,HC3,finance
"You would have to signal your lane change which is interpreted as a turning signal on intersections . Thus , it becomes ambiguous and leads to false assumptions . And furthermore , there is a higher risk of accidents in general as already mentioned by others .",0,HC3,reddit_eli5
"It has a "" unique "" code that matches your car . When you push the button , it mashes the the special code that matches your car together with the code for the function you want to perform ( unlock the door ) . All cars in the vicinity will receive the signal but only yours will understand it because it also has the special code . Interestingly , the codes are not necessarily all unique . My friend 's father used to work at a Hyundai plant and said he could push the unlock button and have a good number of cars in the plant unlock their doors at the same time . Different brands and models of cars also use different frequencies to communicate on as well . So a key fob from a Toyota could use the same code as one from a Kia but they still would n't be able to be interchanged because the other brand car would n't actually "" hear "" the signal . Garage door openers work close to the same way .",0,HC3,reddit_eli5
"In a group , only some people will say "" I disagree "" . If the group treats these people negatively , they are less likely to say it the next time . They will still disagree , but through compliance , they wo n't object . In a work setting , they might leave the company , resulting in a subgroup that 's got conformity , they actually agree on things . Both of these scenarios are * * very bad for decision making outcomes * * . The term "" group think "" describes these groups that ca n't see a different opinion than the current shared one . Groups like that stay in the buggy - whip making business because cars will never catch on , until they go out of business . It is very important for a good group to respect those who voice objections , and explore their concerns deeply . It 's uncommon in public groups , but very important .",0,HC3,reddit_eli5
"Self-harm is a way that some people try to cope with difficult feelings, such as depression, anxiety, or stress. When people feel overwhelmed by these emotions, they may turn to self-harm as a way to feel some control over their emotions or as a way to try to feel better. Self-harm can take many forms, such as cutting, burning, or hitting oneself. Some people do it to try to numb their emotions, or to feel something physical instead of just emotional pain. Others may do it to try to punish themselves or to release tension. It's important to remember that self-harm is not a healthy way to cope with emotions. It can cause physical and emotional harm and can even be dangerous. If you or someone you know is self-harming, it's important to get help from a trusted adult or mental health professional. They can help you find healthy ways to cope with difficult emotions and work through any problems you may be facing.",1,HC3,reddit_eli5
"I took the quiz that you linked too and answered with what I considered ""ideal"" answers with the exception of checking C for that particular question.... The first thing I saw was I needn't have bothered with giving the ideal answer as the result is self graded (paraphrased) as...all ""A"" great, mostly ""A"" good,  mostly ""B"" you can do better, any ""C"" you probably have problems...regardless of your actual answers. Secondly my ideal answers didn't agree with theirs. Finally, neither my ideal nor theirs takes actual circumstances into account.  For instance paying off your debt each month: there are quite a few cards that offer zero percent financing for extended periods of time, for those cards the ideal would be for the debt to be paid off before the terms change.  Whether that should be steady progression towards zero or a ballon payment at the end, would depend upon your circumstances. In short, look at this quiz as a rough guideline, not a nuanced evaluation of your credit handling capabilities.",0,HC3,finance
"A profound abundance of fucking morons . Sorry , like you 're five : lots of darn poopy headed morons .",0,HC3,reddit_eli5
"There are several reasons why people might trade the stock of a bankrupt company.One reason is speculation. Some people believe that a bankrupt company's stock price may rise in the future, either because the company is able to restructure its debt and emerge from bankruptcy, or because it is acquired by another company. These investors may hope to buy the stock at a low price and sell it later at a higher price, in the hope of making a profit.Another reason is the potential for recovery. In some cases, a bankrupt company may have valuable assets that could be sold off to pay its creditors. Investors may believe that they can recover some of their investment by buying the company's stock and participating in the distribution of any assets that are sold.Finally, some investors may be attracted to the high risk and high reward potential of trading bankrupt company stock. These investors may be willing to take on the risk of losing their entire investment in exchange for the possibility of a large payout if the company's stock price rises.It's important to note that trading the stock of a bankrupt company is generally considered to be highly risky and is not suitable for all investors. It's always important to carefully consider the risks and potential outcomes before making any investment decisions.",1,HC3,finance
"Turkey is a country located in western Asia and southeastern Europe. It is bordered by eight countries: Bulgaria to the northwest, Greece to the west, Georgia to the northeast, Armenia, Azerbaijan, and Iran to the east, Iraq and Syria to the southeast. The country is situated on the eastern edge of the Mediterranean Sea and is often considered a bridge between the East and the West. The capital of Turkey is Ankara, and the largest city is Istanbul.",1,HC3,open_qa
"Well , the first thing to know is that it does n't . It 's just a truism , not an undeniable fact or anything . But at sunrise and sunset , the sunlight is coming in at an oblique angle to the atmosphere . If the atmosphere is full of particulates , then the light will scatter and make the sky look red . In this situation , there 's a good chance it 's going to rain in the next few hours , then be clear after that . So if the sky looks red at sunset , it 's a safe bet that it will rain during the night and be clear the next day . On the other hand , if the sky 's red at sunrise , there 's a squall a - brewing , and you should shorten sails .",0,HC3,reddit_eli5
"> perhaps maybe the only added ingredient could be nicotine Nicotine is n't added . It 's a naturally - occurring chemical in the tobacco plant , and is the entire reason that people started smoking tobacco in the first place . And most of the harmful chemicals are n't added . They 're naturally produced by burning the tobacco . It should come as no surprise that burning organic material and breathing the smoke is bad for you . There 's a reason that you 're supposed to crawl below the smoke in a house fire , after all .",0,HC3,reddit_eli5
"> Is n't it just a stream of electrons ? Technically , you never see atoms ; you see EM waves bouncing off their electron shells . Everything you 've ever seen is electrons .",0,HC3,reddit_eli5
"I 'm not sure how trench foot works , but I think it involved moisture and frost bite that got infected , not just moisture . Any bacteria that could eat your flesh would need to be anaerobic and already be present in the water or the air , unless the water is in a hole in the dirt or something .",0,HC3,reddit_eli5
"When you're riding a bicycle, you need to balance yourself in order to stay upright. It's easier to balance on a fast-moving bicycle because the bike is moving quickly, which means that it's less likely to tip over. Imagine you're riding a bicycle and you start to lean to one side. When the bike is moving slowly, it takes longer for the bike to lean over and for you to start falling. But when the bike is moving faster, it takes less time for the bike to lean over and for you to start falling. So if you start to lean to one side, you have less time to correct yourself and get back to upright on a slow-moving bike compared to a fast-moving one. Now, let's talk about how the linear speed in one direction (forwards) affects the weight distribution in another direction (side to side). When you're riding a bike, your weight is distributed between the front and back wheels. When you start to lean to one side, the weight shifts to that side and the bike starts to tip over. The faster you're moving, the more quickly the bike will start to tip over. So if you're moving quickly and you start to lean to one side, you need to react more quickly to get your weight back to the center of the bike so you don't fall over. Does that make sense?",1,HC3,reddit_eli5
"Gas prices change every day because the cost of producing and distributing gasoline changes on a daily basis. There are many factors that can affect the cost of gasoline, such as the cost of crude oil, the cost of transportation, and taxes.\n\nCrude oil is one of the main ingredients in gasoline, and the cost of crude oil can change due to a variety of factors, including political events, natural disasters, and changes in the global economy.\n\nThe cost of transportation also plays a role in the price of gasoline. It costs money to transport gasoline from the places where it is made to the gas stations where it is sold. If the cost of transportation goes up, that can make gasoline more expensive.\n\nFinally, taxes can also affect the price of gasoline. Governments often impose taxes on gasoline to help pay for things like road construction and maintenance. When these taxes go up, it can make gasoline more expensive.\n\nSo, as you can see, there are many different factors that can cause the price of gasoline to change from day to day. That's why gas prices tend to be more variable than the prices of other goods.",1,HC3,reddit_eli5
"energy independence . We 're projected to outproduce the Saudis in energy exports . Also , we 're one of the ( geographically ) largest nations in the world , so we 're depending on our energy also . ON A SIDE NOTE Unlike the Saudis , Russians and UAE , the US does not * * own * * our energy companies . So , without cogent corporate tax reform ( particularly in the energy sector ) lower energy prices does not necessarily translate into lower cost of goods . Example : Dairy company also owns distribution ( transportation ) . Lower cost of energy means lower transport costs , which equate into higher revenue . E.g. price of milk , 12 oz steak nor toilet paper has n't dropped locally because companies can exploit lower energy while not benefitting the consumer .",0,HC3,reddit_eli5
"Credit goes to comments from when [ a similar question was asked ] ( URL_1 ) . --- [ Here 's a video of Richard Feynman trying to explain this ] ( URL_2 ) > Magnetism is more or less at the bottom of our knowledge ; it 's fundamental . > Imagine if you 're trying to learn more and more about how something works or what it is made of . > * What is this table made of ? Wood * What is wood made of ? Cells * What are cells made of ? Molecules * What are molecules made of ? Atoms and the forces that hold them together * What are atoms made of ? Protons , neutrons , electrons and the forces that hold them together * What are protons made of ? Quarks and the force that holds them together . > Eventually when you go small enough you get to the bottom , which either means we know it is the smallest thing or we do n't know what is smaller . > As far as we know now , the bottom is made of a few fundamental particles and a couple fundamental forces . Magnetism is one of those forces . > Physicists actually know quite a bit about how they work , meaning what happens when you put particles and forces that interact with each other together ( for example , see flabbergasted1 's link on how particles and forces come together to make an "" everyday "" magnet ) . But nobody really knows why they work , or if that 's even a meaningful question . > From the thread [ IAmA Magnet Scientist , AMAA ] ( URL_0 ) . > Relevant LI12 - ish part copy - pasted : > > You know how atoms have electrons ? Do you remember how each of those electrons both orbits around the nucleus ( think of the Earth rotating about the Sun every 365.25 days or so ) and the electrons also have an intrinsic spin ( think Earth rotating every 24 hours to make a complete day ) ? Well , in a magnetic material , the atom 's electrons tend to line up their path with each other so they all spin in the same direction . What you also need to know is that any charged particle that moves will also create a magnetic field . If all of the electrons in a material are able to line up with each other , than their combined effect increases and so does the magnetic field that is created . These are how magnets operate .",0,HC3,reddit_eli5
"It is possible to be self-employed while also working a full-time job. This is known as ""moonlighting,"" and it can be a way for individuals to earn additional income or pursue their own business ventures while still working a traditional job.There are a few things to consider if you are thinking about moonlighting:Time management: You will need to carefully manage your time in order to balance both your full-time job and your self-employment. This may require some extra effort and planning.Taxes: As a self-employed individual, you will need to pay self-employment taxes in addition to your regular income taxes. It's important to keep track of your self-employment income and expenses so you can accurately report them on your tax return.Legal considerations: Depending on your full-time job and the nature of your self-employment, there may be legal considerations to take into account. For example, you may need to get permission from your employer if your self-employment could be seen as a conflict of interest.Personal considerations: It can be challenging to balance the demands of a full-time job and self-employment, so it's important to consider your own energy levels and priorities before taking on both.Overall, it's possible to be self-employed while also working a full-time job, but it requires careful planning and time management to make it work.",1,HC3,finance
"I'm sorry to hear that you've been without power for so long. There could be a number of reasons why it takes time for power companies to restore power, but some common reasons include: The cause of the power outage needs to be identified and fixed: In order to restore power, the power company needs to find out what caused the outage. This could be something like a tree falling on a power line or a piece of equipment malfunctioning. Once the cause is found, the power company can start working on fixing it. Repairs can be complicated: Depending on the cause of the outage, it might take some time to fix the problem. For example, if a tree has fallen on a power line, the power company might need to remove the tree before they can repair the line. If the problem is with a piece of equipment, the power company might need to bring in specialized equipment or technicians to fix it. Safety is a top priority: Power company workers need to be very careful when working on repairing power lines and other equipment. They have to follow safety protocols to make sure they don't get hurt, and this can take time. There might be a lot of damage: If there has been a natural disaster like a storm or a hurricane, there might be a lot of damage to the power system. It could take a long time to fix all of the different problems that have occurred. I hope this helps to explain why it might take some time to restore power. It's important to be patient and to follow the instructions of the power company while they work to fix the problem.",1,HC3,reddit_eli5
"Bryophytes are a group of non-vascular, small, herbaceous plants that include mosses, liverworts, and hornworts. Some of the characteristics of bryophytes include:\n\nSmall size: Bryophytes are small in size and typically only reach a few centimeters in height.\n\nLack of vascular tissue: Bryophytes do not have vascular tissue, which means they do not have a specialized system for transporting water and nutrients throughout the plant.\n\nLack of seeds: Bryophytes do not produce seeds and instead reproduce through spores.\n\nAbsence of true roots: Bryophytes do not have true roots, but rather have structures called rhizoids that anchor the plant to the ground.\n\nDependence on water: Because bryophytes lack vascular tissue, they are dependent on water for transport of nutrients and for reproduction.\n\nHabitat: Bryophytes are typically found in damp or wet environments, such as in forests, near streams, and on rocks.",1,HC3,open_qa
"It is not possible for me to accurately comment on the specific case you mentioned, as I do not have access to information about it. In general, the sentence that someone receives for a crime can depend on many different factors, including the severity of the crime, the laws in the jurisdiction where the crime was committed, and the individual's criminal history. It is also possible that there may have been extenuating circumstances in this case that led to the decision to give a letter of reprimand rather than a harsher sentence. Without more information, it is not possible for me to provide a detailed explanation of why this individual received the sentence that they did.",1,HC3,reddit_eli5
"The burning pain sensation that follows after skin is burned is caused by the undamaged nerves in the surrounding skin , or the nerves in the burned skin if it is n't too damaged . Cold helps numb the nerves in the skin , which alleviates some of the pain sensation .",0,HC3,reddit_eli5
"Unfortunately it is not possible for an ordinary person to become an accredited investor without a career change. Gaining any legal certification in investments typically require sponsorship from an investment company (which you would be working for). There are reasons why these kinds of investments are not available to ordinary people directly, and you should definitely consult an RIA (registered investment adviser) before investing in something that isn't extremely standardized (traded on an major exchange). The issue with these kinds of investments is that they are not particularly standardized (in terms of legal structure/settlement terms). Registered investment advisers and other people who manage investments professionally are (theoretically) given specific training to understand these kinds of non-standard investments and are (theoretically) qualified to analyze the legal documentation of these, make well informed investment decisions, and make sure that their investors are not falling into any kind of pyramid scheme.  There are many many kinds of issues that can arise when investing in startups. What % of the company/ the company's profits are you entitled to? How long can the company go without paying you a dividend? Do they have to pay you a dividend at all? How liquid will your investment in the company be? Unfortunately it is common for startups to accept investment but have legal restrictions on their investors ability to sell their stake in the business, and other non-standard contract clauses. For example, some investment agreements have a clause which states that you can only sell your stake in the business to a person who already owns a stake in the business. This makes your investment essentially worthless - the company could run for an exponential amount of time without paying you a dividend. If you are not able to sell your stake in the company you will not be able to earn any capital gains either. The probability of a startup eventually going public is extremely small.. so in this scenario it is likely you will end up gaining no return investment (though you can be happy to know you helped a company grow!)  Overall, the restrictions for these kinds of investments exist to protect ordinary folks from making investing their savings into things that could get them burned. If you want to invest in companies on FundersClub build a relationship with an RIA and work with that person to invest your money. It is easier, less risky, and not all that more expensive :)",0,HC3,finance
"Pyramid schemes are bad because they are designed to take money from people, rather than actually selling a product or service. Here's how they work: 1. Someone starts a pyramid scheme and invites other people to join. 2. To join, people have to pay a fee. 3. The person who started the pyramid scheme, and the people who joined earlier, make money when new people join. 4. To get more people to join, the people in the pyramid scheme ask their friends and family to join. 5. The pyramid keeps growing as more and more people join and pay the fee to join. The problem is that eventually, there aren't enough new people to join the pyramid. So, when someone at the bottom of the pyramid tries to get their money back, there isn't enough money to go around. That means that the people at the bottom of the pyramid lose their money, while the people at the top make a lot of money. Pyramid schemes are illegal in many countries, including the United States, because they are unfair and can harm people who lose their money.",1,HC3,reddit_eli5
"DearWe understand your concernsI went through your details. Just for your information. Penis length is measured from the bottom to top in erect position and penis circumference is measured at the center of the penis in erect position. You can measure yourself at the convenient time to know your penis size. Psychologically it is not good to worry or to be eager about penis size or sexual performance because such things could trigger unnecessary sexual performance anxiety.If you require more of my help in this aspect, please use this URL. http://goo.gl/aYW2pR. Make sure that you include every minute details possible. Hope this answers your query. Available for further clarifications.Good luck.",0,HC3,medicine
"When a company pays dividends to its shareholders, it is distributing a portion of its profits to its owners. The amount of the dividend is typically expressed as a per-share amount, so the amount of dividend that an individual shareholder receives is based on the number of shares they own.For example, if a company declares a dividend of $1 per share and an individual shareholder owns 100 shares, they will receive a dividend payment of $100. The payment of dividends can be made in the form of cash, stock, or other assets, depending on the company's policies and the preferences of the shareholders.In general, the value of a company's shares may be influenced by the dividends it pays. Companies that consistently pay dividends may be seen as more stable and reliable investments, which can make their shares more attractive to potential investors. However, it is important to note that dividends are not guaranteed, and a company may choose to suspend or reduce its dividend payments at any time. It is always a good idea for investors to carefully consider a company's financial health and its ability to pay dividends before making an investment decision.",1,HC3,finance
"step 1 ) Walk half way to the kitchen step 2 ) Call this your new starting point . step 3 ) add 1 to your step counter step 4 ) goto step 1 . Zeno 's paradox is that you have to complete and infinite number of things , which is impossible .",0,HC3,reddit_eli5
"The concept of infinity comes from human imagination , which has no limits . You can prove the concept of infinity by dividing the number 1 in half , then dividing .5 in half and then keep on going . 1 , .5 , .25 , .125 , .0625 , .03125 and so on . Eventually the numbers will be incredibly long , but there will always be another number that is half of the previous one . There is an infinite number of times you can divide the number 1 in half .",0,HC3,reddit_eli5
"I 've always seen this as more of an obstacle for the Red Sox than an advantage . Nobody plays more games there than them , which means they have fewer opportunities to hit easy homers than any other team .",0,HC3,reddit_eli5
"Shifting depends on a lot of things , mostly whether you 're going uphill and the make and model of your car . Generally , you shift up when your engine is starting to strain , and down if your rpm drops too low . You figure it out by feel and rpm reading fairly quickly , it truly is n't complicated . It is much easier than shifting bicycle gears . The advantage is that by manually controlling which gear you are in you get better fuel mileage and less engine wear , however modern automatic transmissions are generally so advanced that the benefits are negligible . It 's just way more fun to drive stick ! You should learn , it 's pretty cool to do !",0,HC3,reddit_eli5
"Also , many other cultures have been persecuted extensively , the Jewish population has simply always been very loud about how they are wronged . Not that they have n't been wronged , but they are louder about it than most . Those murdered in the holocaust , for example , were only 30 - 40 % Jewish , and yet we see the holocaust as a campaign solely against the Jewish population . In addition , they are a very old culture / religion . One of the oldest . They have a lot more history !",0,HC3,reddit_eli5
"Scientists use telescopes and special instruments to measure the temperature of the surface of the sun. They don't actually go to the sun to take the temperature, because it is much too hot and dangerous for people to go there. Instead, they use instruments that can measure the amount of heat and light that the sun gives off from far away.\n\nOne way they do this is by using telescopes that are equipped with special sensors that can detect the amount of heat coming from the sun. These sensors can measure the temperature of the sun by looking at the amount of heat that is being given off by the sun's surface.\n\nAnother way scientists measure the temperature of the sun is by looking at the light that it gives off. Different elements and gases give off different colors of light when they are heated to high temperatures, and by looking at the colors of light that the sun gives off, scientists can tell what elements and gases are present on the sun's surface and how hot they are.\n\nSo even though the temperature on the surface of the sun is very high, scientists are able to measure it from a safe distance using special instruments and techniques.",1,HC3,reddit_eli5
"Scientists have known about the increase in global temperature and carbon dioxide (CO2) gas for a long time. In fact, scientists have been studying the Earth's climate and how it changes for many centuries. However, it is only in recent decades that the public has become more aware of the issue of global warming and climate change.

There are a few reasons why this might be the case. One reason is that the science behind global warming and climate change has become more certain over time. As scientists have collected more data and done more research, they have been able to confirm that the Earth is getting warmer and that this warming is largely caused by human activities, such as burning fossil fuels like coal, oil, and gas.

Another reason why the public has become more aware of global warming and climate change is because the effects of these changes are becoming more noticeable. For example, people are seeing more extreme weather events, such as heatwaves, droughts, and storms, which are all thought to be connected to climate change. Additionally, people are seeing the impacts of climate change on the environment, such as melting glaciers and sea levels rising.

So, while scientists have known about global warming and climate change for a long time, it is only in recent years that the public has become more aware of the issue and the need to take action to address it.",1,HC3,reddit_eli5
"The Mona Lisa is a very famous painting by the artist Leonardo da Vinci. It is famous for its beauty and the mystery surrounding it. The painting shows a woman with a gentle expression on her face, and she is wearing a dress with a beautiful landscape in the background.

The Mona Lisa is so popular because it is considered a masterpiece of art. It is one of the most famous paintings in the world and people come from all over to see it in person.

The Mona Lisa is guarded because it is very valuable and important. It is kept in the Louvre museum in Paris, France, and there are guards who watch over it to make sure it is safe and not damaged.

Overall, the Mona Lisa is popular because it is a beautiful and famous work of art that people enjoy looking at and studying. It is guarded because it is valuable and needs to be protected.",1,HC3,reddit_eli5
"your files do n't go anywhere . you just forget where you put them . whenever you want to draw a picture of a cat with your crayons . you just take a picture and draw . when you are done you throw it away , but you can take a new piece of paper and draw again . You 'll always have paper to draw on ( your parents will get it for you ) , and you just throw the old paper in the trash . but a computer ca n't get its paper from its parents . it does n't have any parents . instead it has a certain amount of memory to use and draw or write on , like drawing on the bedroom walls . It can draw all over those walls , and it always remembers where each picture is ( the cat is below the light switch , the dog is behind the bed , the house is next to your trash can ) . But if it wants to get rid of something and start over new , it ca n't just tear out the wall . instead it just forgets where it put that particular picture . so it thinks the wall is empty . so it forgets that the cat picture is under the light switch , and the cat picture is deleted . the computer thinks the spot is empty , and the cat is gone , But technically , the cat picture is still there , where we left it . some times you can do special stuff to get the computer to remember where that picture is , but it might be difficult depending on how it was deleted . that deleted picture will stay on the wall until you ask the computer to write something new , like a picture of your goldfish . The computer thinks the spot under the light switch is empty , so it goes to draw the goldfish there . first it applies a layer of white paint , and then it draws the fish . now the cat picture is truly gone , and only goldie remains .",0,HC3,reddit_eli5
"It is generally proper to drink black teas with lemon and green teas straight (without any additional ingredients). Some people also enjoy adding cream and sugar to their tea, but this is a matter of personal preference. There are no hard and fast rules about what teas should be consumed with which ingredients, and what is considered ""proper"" is largely a matter of cultural and personal tradition. In general, it is important to pay attention to tea-drinking customs and manners because they are a way of showing respect and appreciation for the tea and for the people you are sharing it with.",1,HC3,reddit_eli5
"A loan repayment is usually calculated based on the loan amount, the interest rate, and the loan term. The loan term is the length of time that you have to repay the loan, and it is usually expressed in months or years. The interest rate is the amount of interest that you will be charged on the loan, and it is usually expressed as a percentage of the loan amount.To calculate the monthly repayment on a loan, you can use the following formula:Monthly repayment = (Loan amount * Interest rate) / (1 - (1 + Interest rate)^(-Loan term))where:Loan amount is the amount of money that you are borrowingInterest rate is the annual interest rate on the loan, expressed as a decimal (for example, 0.05 for 5%)Loan term is the length of time that you have to repay the loan, in monthsFor example, if you borrow $10,000 at an annual interest rate of 5% for a loan term of 60 months (5 years), your monthly repayment would be calculated as follows:Monthly repayment = ($10,000 * 0.05) / (1 - (1 + 0.05)^(-60))= $500 / (1 - 1.05^(-60))= $500 / (1 - 0.61)= $500 / 0.39= $1282.05In this example, your monthly repayment would be approximately $1282.05.It's important to note that this is just one way to calculate a loan repayment, and the actual calculation may vary depending on the lender and the terms of the loan. It's always a good idea to carefully review the terms of a loan before accepting it, to make sure you understand exactly how the repayment will be calculated.",1,HC3,finance
"English is not my first language , so please excuse if it sounds awkward . There are many distinctions between the two , but a major one involves population size . Developed countries have either stable or falling population numbers . For example , Japan ( a developed nation ) is experiencing a falling population because women are deciding to have less children ( ie 1 or 2 ) , as well as having children later on in life . Women becoming more involved in the work force takes away time to raise children while they work to support themselves . In the US , the population remains stable because of immigration . Without immigration , the US would be experiencing a similar drop in population , but large numbers of people immigrating in to find better lives keeps the population stable . In developing nations , the population is usually rising . Many poorer families have more children than what would just replace their parents ( ie 3 or more ) . For example , in India , before modern medicine , families had many children . Many young infants would die , so parents would have a lot of kids to ensure that they had some offspring to help with family business , usually involving farm work . Because this has happened for so many years , having large families has become cultural . Now that modern medicine has come into the country , the IMR ( infant mortality rate ) has decreased , but the number of children families have has not , so the population rises at a rapid rate . By this logic , one way a developing nation could become considered developed would be by keeping an eye on the population numbers . But , as stated before , there are many other factors . Hope this helps a little !",0,HC3,reddit_eli5
"The longer you live , each day is taking up a smaller and smaller percentage of your life , which makes it feel shorter , and overall makes life pass pretty quickly .",0,HC3,reddit_eli5
"The largest credit union in the United States, based on asset size, is Navy Federal Credit Union. As of December 2021, Navy Federal Credit Union had assets of over $121 billion and serves over 9 million members worldwide. Credit unions are non-profit financial institutions that are owned and controlled by their members, and they offer a range of financial products and services, including checking and savings accounts, loans, and credit cards. They are known for their member-focused approach to banking and for often offering lower fees and better rates than traditional banks.",1,HC3,open_qa
"When talking about blood types, positive and negative refer to the presence or absence of a certain protein on the surface of red blood cells. This protein is called the ""Rh factor."" If you have the protein, your blood is Rh positive. If you do not have the protein, your blood is Rh negative.

It is important to know your blood type because it determines whether or not you can receive certain blood transfusions. For example, if you have Rh-negative blood and you receive a transfusion of Rh-positive blood, your body may react negatively to the transfusion because it sees the Rh-positive blood as being foreign. This can cause serious problems. On the other hand, if you receive a transfusion of Rh-negative blood, your body is more likely to accept it because it does not contain the protein that it would react to.

So when someone says they are ""positive"" or ""negative,"" they are talking about whether or not they have the Rh factor protein on their red blood cells. Does that make sense?",1,HC3,reddit_eli5
"Code sharing is a practice used by airlines to sell seats on flights that are operated by another airline. For example, let's say that Airline A and Airline B have a code sharing agreement. This means that Airline A can sell tickets for flights that are operated by Airline B, and vice versa. There are several reasons why airlines do this. One reason is to expand their network of destinations. By code sharing with another airline, an airline can offer its customers more destinations without having to operate flights to those destinations itself. This can be especially useful for smaller airlines that may not have the resources to operate flights to every destination they would like to serve. Another reason is to fill empty seats on flights. If an airline has a flight with empty seats, it can sell those seats to another airline through a code sharing agreement. This can help the airline generate additional revenue and make better use of its resources. Code sharing can also make it easier for customers to book flights. If a customer wants to fly from City A to City D, but there is no direct flight available, the customer may be able to book a flight from City A to City B with Airline A, and then from City B to City D with Airline B. Because of the code sharing agreement between the two airlines, the customer can book both flights as a single itinerary, making it easier to plan and book the trip. Overall, code sharing is a way for airlines to work together and offer more options to their customers while also making better use of their resources.",1,HC3,reddit_eli5
"It's important to remember that Japan is a country with a rich and diverse culture, and like any other country, it has a range of cultural practices and expressions. While it is true that Japan has a reputation for being a more traditional and conservative culture, it is also home to a vibrant and creative media industry. 
The Japanese media industry is known for producing a wide variety of content, including video games, TV shows, and music, that often incorporates elements of Japanese culture and history. This can include things like traditional Japanese instruments and themes, as well as more modern and unconventional elements. 
It's also worth noting that different parts of Japanese culture can have different levels of conservatism. For example, some aspects of Japanese culture, such as traditional family structure or gender roles, may be more conservative, while other parts of Japanese culture, such as the media industry, may be more open to experimentation and innovation. 
Overall, it's important to remember that Japan is a complex and multifaceted culture, and it's not fair to generalize or stereotype all aspects of Japanese culture based on a few specific examples.",1,HC3,reddit_eli5
the inner springs used to be re - covered and sold as new . If they were not sterilized they would pass on diseases . This practice was outlawed and the tags are there to show that the bed is all new materials .,0,HC3,reddit_eli5
"Freemasonry is a social organization that traces its origins to the local fraternities of stonemasons in the Middle Ages. Its members are known as Freemasons. Freemasonry is based on the idea of brotherhood and helping each other, and it teaches moral lessons using stories and symbols from stonemasonry and other sources. Freemasonry is not a religion, but it does have some similarities to religion in that it has a set of moral values and holds ceremonies.

Freemasonry is sometimes thought of as ""influent"" because it has a long history and has had many famous and influential members, including kings, presidents, and business leaders. However, Freemasonry is not a secret society and its members are not necessarily more influential than others. Many people join Freemasonry to make friends, learn new things, and give back to their community through charitable work.",1,HC3,reddit_eli5
"These are yields for the government bonds. EuroZone interest rates are much lower (10 times lower, in fact) than the UK (GBP zone) interest rates. The rates are set by the central banks.",0,HC3,finance
"It requires a solid foundation of coupons for printer ink . Once this is established , you can go very far .",0,HC3,reddit_eli5
"It's not necessarily that your body needs a variety of food in order to function properly, but rather that humans tend to get bored with eating the same thing over and over again. This is because our brains are wired to seek out new and interesting experiences, and this includes the food that we eat. When we eat the same thing repeatedly, it can become less enjoyable and we may start to feel sick of it. It's important to eat a balanced diet that includes a variety of different types of foods in order to get all the nutrients that our bodies need to stay healthy. However, it's also okay to eat the same thing for several meals in a row if you enjoy it and it's providing the nutrients that you need. It's all about finding a balance and listening to your body's needs.",1,HC3,reddit_eli5
"A backdoor is a way to get into a computer system or network without using the usual methods of signing in. It can be thought of as a secret way to get into a system that bypasses the normal security measures. Backdoors can be created intentionally by a programmer or administrator, or they can be the result of a bug (mistake) in the code.\n\nOperating system backdoors are ways to get into the operating system (like Windows or macOS) of a computer without using the normal login methods. Network backdoors are ways to get into a network (like a group of computers connected to the internet) without going through the usual security measures.\n\nBackdoors can be a problem because they allow unauthorized people to gain access to a system or network. This can lead to security breaches, data theft, and other problems. It's important to keep all systems and networks secure by using strong passwords and regularly updating software to fix any bugs that could potentially be exploited as a backdoor.",1,HC3,reddit_eli5
Because dogs live short lives compared to humans and it is a way of normalizing the difference between us .,0,HC3,reddit_eli5
"Google Voice Search is a feature of Google that allows users to use voice commands to search the internet, access information on their device, and perform various tasks. It allows users to speak into their device's microphone to ask a question or issue a command, and the device will respond with a written or spoken answer. For example, you can say ""Ok Google, what's the weather today?"" and Google Voice Search will display or speak the current weather forecast for your location.



Google Voice Search is available on a variety of devices, including smartphones, tablets, and computers, as long as they have access to the internet and the Google app or Google Chrome browser. It is also available on smart home devices such as Google Home and Nest Hub, which are specifically designed to be controlled by voice commands. To use Google Voice Search, you need to have a Google account and have the feature enabled on your device.",1,HC3,wiki_csai
"English ? How the language works is described in a document , like [ this one ] ( URL_0 ) . Individual browsers can implement the standard in whatever language they wish , which would be C++ for most browsers ( eg . Firefox , Chrome , Internet Explorer ) .",0,HC3,reddit_eli5
"Motion estimation is the process of estimating the movement of objects in a video sequence. It involves analyzing the changes in the positions and shapes of objects from one frame to the next in order to determine their motion.



Motion estimation is a key component of many video processing tasks, including video compression, video stabilization, and video tracking. It is typically done by comparing the features of an object in one frame to those in another frame, and using this information to estimate the motion of the object between the two frames.



There are several different algorithms and techniques that can be used for motion estimation, including block matching, optical flow, and feature tracking. The choice of algorithm will depend on the specific requirements of the application and the characteristics of the video sequence being processed.",1,HC3,wiki_csai
"Mega is a prefix that means great . It was added to his name ( like with other leaders at that time ) to show he was a great conqueror , and distinguish which one people were talking about since Alexander is a common Greek name . Megalexandros directly translates to great Alexander , or Alexander the great . That 's it . Source : I am Greek . Edit : and to clarify , Mega comes from the word Megalo which means big . So yes to all your questions . Everything is easier when you speak Greek and Italian .",0,HC3,reddit_eli5
"If you keep spinning the bowl , friction will make everything in the bowl spin . If you only spin it alittle , there is not enough friction .",0,HC3,reddit_eli5
"It's difficult to say for sure what would happen if we genetically modified humans, because it's a very complex and complicated process. One possibility is that we could create a group of humans who are stronger, faster, and smarter than the rest of us. These ""superhumans"" might be able to do things that regular humans can't, like run faster or lift heavier objects.

On the other hand, there is also the possibility that things could go wrong. For example, if we made changes to a person's genes, it could have unintended consequences and cause them to have health problems or disabilities. Additionally, there are moral and ethical concerns about tinkering with human genes, and some people believe that it is wrong to try to create ""superhumans"" because it could lead to inequality and unfairness.

Overall, it's important to be careful and think carefully about the potential risks and benefits before deciding to genetically modify humans.",1,HC3,reddit_eli5
"There are a few reasons why some homes and hotels might have the light switch for the bathroom located outside of the bathroom: 
1. Safety: Having the light switch outside of the bathroom can help prevent accidents or injuries that might occur if the switch were located inside the bathroom. For example, if the switch were inside the bathroom, someone might accidentally touch it while they are in the bath or shower, which could cause them to get an electric shock. 
2. Convenience: In some cases, the light switch might be located outside of the bathroom to make it easier for people to turn the light on and off without having to enter the bathroom. This can be especially useful in a shared bathroom where multiple people might be using the space at different times. 
3. Aesthetics: Some people might prefer the look of having the light switch located outside of the bathroom, rather than having a switch inside the bathroom. This can be especially true in bathrooms with a more modern or minimalist design. 
Overall, the purpose of having the light switch for the bathroom located outside of the room is to provide a measure of safety and convenience, and to allow people to control the lighting in the bathroom without having to enter the space.",1,HC3,reddit_eli5
